id,value
Inorganic Chemicals,D01
Inorganic Chemicals.Acids,D01.029
"Inorganic Chemicals.Acids.Acids, Noncarboxylic",D01.029.260
"Inorganic Chemicals.Acids.Acids, Noncarboxylic.Boric Acids",D01.029.260.093
"Inorganic Chemicals.Acids.Acids, Noncarboxylic.Borinic Acids",D01.029.260.100
"Inorganic Chemicals.Acids.Acids, Noncarboxylic.Boronic Acids",D01.029.260.110
"Inorganic Chemicals.Acids.Acids, Noncarboxylic.Boronic Acids.Bortezomib",D01.029.260.110.500
"Inorganic Chemicals.Acids.Acids, Noncarboxylic.Carbonic Acid",D01.029.260.150
"Inorganic Chemicals.Acids.Acids, Noncarboxylic.Hydrobromic Acid",D01.029.260.300
"Inorganic Chemicals.Acids.Acids, Noncarboxylic.Hydrochloric Acid",D01.029.260.326
"Inorganic Chemicals.Acids.Acids, Noncarboxylic.Hydrofluoric Acid",D01.029.260.328
"Inorganic Chemicals.Acids.Acids, Noncarboxylic.Hydrogen Cyanide",D01.029.260.330
"Inorganic Chemicals.Acids.Acids, Noncarboxylic.Hydrogen Sulfide",D01.029.260.340
"Inorganic Chemicals.Acids.Acids, Noncarboxylic.Hypochlorous Acid",D01.029.260.365
"Inorganic Chemicals.Acids.Acids, Noncarboxylic.Nitric Acid",D01.029.260.550
"Inorganic Chemicals.Acids.Acids, Noncarboxylic.Nitrous Acid",D01.029.260.575
"Inorganic Chemicals.Acids.Acids, Noncarboxylic.Perchlorates",D01.029.260.650
"Inorganic Chemicals.Acids.Acids, Noncarboxylic.Periodic Acid",D01.029.260.675
"Inorganic Chemicals.Acids.Acids, Noncarboxylic.Phosphorus Acids",D01.029.260.700
"Inorganic Chemicals.Acids.Acids, Noncarboxylic.Phosphorus Acids.Phosphinic Acids",D01.029.260.700.600
"Inorganic Chemicals.Acids.Acids, Noncarboxylic.Phosphorus Acids.Phosphoric Acids",D01.029.260.700.675
"Inorganic Chemicals.Acids.Acids, Noncarboxylic.Phosphorus Acids.Phosphoric Acids.Phosphates",D01.029.260.700.675.374
"Inorganic Chemicals.Acids.Acids, Noncarboxylic.Phosphorus Acids.Phosphoric Acids.Phosphates.Acidulated Phosphate Fluoride",D01.029.260.700.675.374.025
"Inorganic Chemicals.Acids.Acids, Noncarboxylic.Phosphorus Acids.Phosphoric Acids.Phosphates.Calcium Phosphates",D01.029.260.700.675.374.075
"Inorganic Chemicals.Acids.Acids, Noncarboxylic.Phosphorus Acids.Phosphoric Acids.Phosphates.Calcium Phosphates.Apatites",D01.029.260.700.675.374.075.025
"Inorganic Chemicals.Acids.Acids, Noncarboxylic.Phosphorus Acids.Phosphoric Acids.Phosphates.Calcium Phosphates.Apatites.Hydroxyapatites",D01.029.260.700.675.374.075.025.300
"Inorganic Chemicals.Acids.Acids, Noncarboxylic.Phosphorus Acids.Phosphoric Acids.Phosphates.Calcium Phosphates.Apatites.Hydroxyapatites.Durapatite",D01.029.260.700.675.374.075.025.300.150
"Inorganic Chemicals.Acids.Acids, Noncarboxylic.Phosphorus Acids.Phosphoric Acids.Phosphates.Calcium Phosphates.Calcium Pyrophosphate",D01.029.260.700.675.374.075.150
"Inorganic Chemicals.Acids.Acids, Noncarboxylic.Phosphorus Acids.Phosphoric Acids.Phosphates.Phosphoramides",D01.029.260.700.675.374.425
"Inorganic Chemicals.Acids.Acids, Noncarboxylic.Phosphorus Acids.Phosphoric Acids.Phosphates.Polyphosphates",D01.029.260.700.675.374.775
"Inorganic Chemicals.Acids.Acids, Noncarboxylic.Phosphorus Acids.Phosphoric Acids.Phosphates.Polyphosphates.Diphosphates",D01.029.260.700.675.374.775.150
"Inorganic Chemicals.Acids.Acids, Noncarboxylic.Phosphorus Acids.Phosphoric Acids.Phosphates.Polyphosphates.Diphosphates.Calcium Pyrophosphate",D01.029.260.700.675.374.775.150.150
"Inorganic Chemicals.Acids.Acids, Noncarboxylic.Phosphorus Acids.Phosphoric Acids.Phosphates.Polyphosphates.Diphosphates.Technetium Tc 99m Pyrophosphate",D01.029.260.700.675.374.775.150.900
"Inorganic Chemicals.Acids.Acids, Noncarboxylic.Phosphorus Acids.Phosphoric Acids.Phosphates.Polyphosphates.Tin Polyphosphates",D01.029.260.700.675.374.775.950
"Inorganic Chemicals.Acids.Acids, Noncarboxylic.Phosphorus Acids.Phosphoric Acids.Phosphates.Struvite",D01.029.260.700.675.374.887
"Inorganic Chemicals.Acids.Acids, Noncarboxylic.Phosphorus Acids.Phosphoric Acids.Phosphotungstic Acid",D01.029.260.700.675.750
"Inorganic Chemicals.Acids.Acids, Noncarboxylic.Phosphorus Acids.Phosphorous Acids",D01.029.260.700.700
"Inorganic Chemicals.Acids.Acids, Noncarboxylic.Silicic Acid",D01.029.260.863
"Inorganic Chemicals.Acids.Acids, Noncarboxylic.Sulfur Acids",D01.029.260.877
"Inorganic Chemicals.Acids.Acids, Noncarboxylic.Sulfur Acids.Sulfinic Acids",D01.029.260.877.700
"Inorganic Chemicals.Acids.Acids, Noncarboxylic.Sulfur Acids.Sulfonic Acids",D01.029.260.877.740
"Inorganic Chemicals.Acids.Acids, Noncarboxylic.Sulfur Acids.Sulfonic Acids.Thiosulfonic Acids",D01.029.260.877.740.900
"Inorganic Chemicals.Acids.Acids, Noncarboxylic.Sulfur Acids.Sulfuric Acids",D01.029.260.877.800
"Inorganic Chemicals.Acids.Acids, Noncarboxylic.Sulfur Acids.Sulfuric Acids.Tetrathionic Acid",D01.029.260.877.800.900
Inorganic Chemicals.Acids.Lewis Acids,D01.029.630
Inorganic Chemicals.Alkalies,D01.045
Inorganic Chemicals.Alkalies.Carbonates,D01.045.125
Inorganic Chemicals.Alkalies.Carbonates.Lithium Carbonate,D01.045.125.500
Inorganic Chemicals.Alkalies.Hydroxides,D01.045.250
Inorganic Chemicals.Alkalies.Hydroxides.Aluminum Hydroxide,D01.045.250.050
Inorganic Chemicals.Alkalies.Hydroxides.Ammonium Hydroxide,D01.045.250.225
Inorganic Chemicals.Alkalies.Hydroxides.Calcium Hydroxide,D01.045.250.313
Inorganic Chemicals.Alkalies.Hydroxides.Hydroxyl Radical,D01.045.250.357
Inorganic Chemicals.Alkalies.Hydroxides.Lye,D01.045.250.400
Inorganic Chemicals.Alkalies.Hydroxides.Magnesium Hydroxide,D01.045.250.575
Inorganic Chemicals.Alkalies.Hydroxides.Sodium Hydroxide,D01.045.250.750
Inorganic Chemicals.Alkalies.Hydroxides.Water,D01.045.250.875
Inorganic Chemicals.Alkalies.Hydroxides.Water.Deuterium Oxide,D01.045.250.875.200
Inorganic Chemicals.Alkalies.Hydroxides.Water.Drinking Water,D01.045.250.875.300
Inorganic Chemicals.Alkalies.Hydroxides.Water.Ice,D01.045.250.875.400
Inorganic Chemicals.Alkalies.Hydroxides.Water.Mineral Waters,D01.045.250.875.600
Inorganic Chemicals.Alkalies.Hydroxides.Water.Mineral Waters.Carbonated Water,D01.045.250.875.600.500
Inorganic Chemicals.Alkalies.Hydroxides.Water.Steam,D01.045.250.875.800
Inorganic Chemicals.Alkalies.Lewis Bases,D01.045.625
Inorganic Chemicals.Aluminum Compounds,D01.056
Inorganic Chemicals.Aluminum Compounds.Alum Compounds,D01.056.025
Inorganic Chemicals.Aluminum Compounds.Aluminum Hydroxide,D01.056.037
Inorganic Chemicals.Aluminum Compounds.Aluminum Oxide,D01.056.050
Inorganic Chemicals.Aluminum Compounds.Aluminum Oxide.Aluminum Silicates,D01.056.050.075
Inorganic Chemicals.Aluminum Compounds.Aluminum Oxide.Aluminum Silicates.Bentonite,D01.056.050.075.100
Inorganic Chemicals.Aluminum Compounds.Aluminum Oxide.Aluminum Silicates.Kaolin,D01.056.050.075.350
Inorganic Chemicals.Aluminum Compounds.Aluminum Oxide.Aluminum Silicates.Zeolites,D01.056.050.075.975
Inorganic Chemicals.Arsenicals,D01.075
Inorganic Chemicals.Arsenicals.Arsenates,D01.075.025
Inorganic Chemicals.Arsenicals.Arsenites,D01.075.050
Inorganic Chemicals.Barium Compounds,D01.103
Inorganic Chemicals.Barium Compounds.Barium Sulfate,D01.103.075
Inorganic Chemicals.Boron Compounds,D01.132
Inorganic Chemicals.Boron Compounds.Boranes,D01.132.105
Inorganic Chemicals.Boron Compounds.Boranes.Borohydrides,D01.132.105.050
Inorganic Chemicals.Boron Compounds.Boric Acids,D01.132.250
Inorganic Chemicals.Boron Compounds.Boric Acids.Borates,D01.132.250.075
Inorganic Chemicals.Boron Compounds.Borinic Acids,D01.132.275
Inorganic Chemicals.Boron Compounds.Boronic Acids,D01.132.285
Inorganic Chemicals.Boron Compounds.Boronic Acids.Bortezomib,D01.132.285.500
Inorganic Chemicals.Bromine Compounds,D01.139
Inorganic Chemicals.Bromine Compounds.Bromates,D01.139.100
Inorganic Chemicals.Bromine Compounds.Hydrobromic Acid,D01.139.300
Inorganic Chemicals.Bromine Compounds.Hydrobromic Acid.Bromides,D01.139.300.050
Inorganic Chemicals.Bromine Compounds.Hydrobromic Acid.Bromides.Cyanogen Bromide,D01.139.300.050.100
Inorganic Chemicals.Cadmium Compounds,D01.142
Inorganic Chemicals.Cadmium Compounds.Cadmium Chloride,D01.142.175
Inorganic Chemicals.Calcium Compounds,D01.146
Inorganic Chemicals.Calcium Compounds.Calcium Carbonate,D01.146.275
Inorganic Chemicals.Calcium Compounds.Calcium Carbonate.Nacre,D01.146.275.500
Inorganic Chemicals.Calcium Compounds.Calcium Chloride,D01.146.300
Inorganic Chemicals.Calcium Compounds.Calcium Citrate,D01.146.307
"Inorganic Chemicals.Calcium Compounds.Calcium, Dietary",D01.146.315
Inorganic Chemicals.Calcium Compounds.Calcium Fluoride,D01.146.325
Inorganic Chemicals.Calcium Compounds.Calcium Hydroxide,D01.146.335
Inorganic Chemicals.Calcium Compounds.Calcium Phosphates,D01.146.360
Inorganic Chemicals.Calcium Compounds.Calcium Phosphates.Apatites,D01.146.360.050
Inorganic Chemicals.Calcium Compounds.Calcium Phosphates.Apatites.Hydroxyapatites,D01.146.360.050.300
Inorganic Chemicals.Calcium Compounds.Calcium Phosphates.Apatites.Hydroxyapatites.Durapatite,D01.146.360.050.300.200
Inorganic Chemicals.Calcium Compounds.Calcium Phosphates.Calcium Pyrophosphate,D01.146.360.150
Inorganic Chemicals.Calcium Compounds.Calcium Sulfate,D01.146.375
"Inorganic Chemicals.Carbon Compounds, Inorganic",D01.200
"Inorganic Chemicals.Carbon Compounds, Inorganic.Carbon Dioxide",D01.200.200
"Inorganic Chemicals.Carbon Compounds, Inorganic.Carbon Dioxide.Dry Ice",D01.200.200.250
"Inorganic Chemicals.Carbon Compounds, Inorganic.Carbon Disulfide",D01.200.210
"Inorganic Chemicals.Carbon Compounds, Inorganic.Carbon Monoxide",D01.200.250
"Inorganic Chemicals.Carbon Compounds, Inorganic.Carbonic Acid",D01.200.275
"Inorganic Chemicals.Carbon Compounds, Inorganic.Carbonic Acid.Carbonates",D01.200.275.150
"Inorganic Chemicals.Carbon Compounds, Inorganic.Carbonic Acid.Carbonates.Bicarbonates",D01.200.275.150.100
"Inorganic Chemicals.Carbon Compounds, Inorganic.Carbonic Acid.Carbonates.Bicarbonates.Sodium Bicarbonate",D01.200.275.150.100.800
"Inorganic Chemicals.Carbon Compounds, Inorganic.Carbonic Acid.Carbonates.Calcium Carbonate",D01.200.275.150.150
"Inorganic Chemicals.Carbon Compounds, Inorganic.Carbonic Acid.Carbonates.Calcium Carbonate.Nacre",D01.200.275.150.150.500
"Inorganic Chemicals.Carbon Compounds, Inorganic.Carbonic Acid.Carbonates.Lithium Carbonate",D01.200.275.150.550
Inorganic Chemicals.Chlorine Compounds,D01.210
Inorganic Chemicals.Chlorine Compounds.Chloramines,D01.210.150
Inorganic Chemicals.Chlorine Compounds.Chlorates,D01.210.300
Inorganic Chemicals.Chlorine Compounds.Cisplatin,D01.210.375
Inorganic Chemicals.Chlorine Compounds.Hydrochloric Acid,D01.210.450
Inorganic Chemicals.Chlorine Compounds.Hydrochloric Acid.Chlorides,D01.210.450.150
Inorganic Chemicals.Chlorine Compounds.Hydrochloric Acid.Chlorides.Ammonium Chloride,D01.210.450.150.050
Inorganic Chemicals.Chlorine Compounds.Hydrochloric Acid.Chlorides.Cadmium Chloride,D01.210.450.150.125
Inorganic Chemicals.Chlorine Compounds.Hydrochloric Acid.Chlorides.Calcium Chloride,D01.210.450.150.150
Inorganic Chemicals.Chlorine Compounds.Hydrochloric Acid.Chlorides.Lithium Chloride,D01.210.450.150.450
Inorganic Chemicals.Chlorine Compounds.Hydrochloric Acid.Chlorides.Magnesium Chloride,D01.210.450.150.500
Inorganic Chemicals.Chlorine Compounds.Hydrochloric Acid.Chlorides.Mercuric Chloride,D01.210.450.150.525
Inorganic Chemicals.Chlorine Compounds.Hydrochloric Acid.Chlorides.Potassium Chloride,D01.210.450.150.750
Inorganic Chemicals.Chlorine Compounds.Hydrochloric Acid.Chlorides.Sodium Chloride,D01.210.450.150.875
Inorganic Chemicals.Chlorine Compounds.Hypochlorous Acid,D01.210.465
Inorganic Chemicals.Chlorine Compounds.Hypochlorous Acid.Sodium Hypochlorite,D01.210.465.800
Inorganic Chemicals.Chlorine Compounds.Perchlorates,D01.210.675
Inorganic Chemicals.Chlorine Compounds.Ruthenium Red,D01.210.837
Inorganic Chemicals.Chromium Compounds,D01.220
Inorganic Chemicals.Chromium Compounds.Chromates,D01.220.150
Inorganic Chemicals.Chromium Compounds.Chromates.Potassium Dichromate,D01.220.150.650
Inorganic Chemicals.Chromium Compounds.Chromium Alloys,D01.220.175
Inorganic Chemicals.Chromium Compounds.Chromium Alloys.Vitallium,D01.220.175.950
Inorganic Chemicals.Coordination Complexes,D01.234
Inorganic Chemicals.Electrolytes,D01.248
Inorganic Chemicals.Electrolytes.Polyelectrolytes,D01.248.249
Inorganic Chemicals.Electrolytes.Ions,D01.248.497
Inorganic Chemicals.Electrolytes.Ions.Anions,D01.248.497.158
Inorganic Chemicals.Electrolytes.Ions.Anions.Arsenates,D01.248.497.158.050
Inorganic Chemicals.Electrolytes.Ions.Anions.Arsenites,D01.248.497.158.055
Inorganic Chemicals.Electrolytes.Ions.Anions.Borates,D01.248.497.158.076
Inorganic Chemicals.Electrolytes.Ions.Anions.Bromates,D01.248.497.158.100
Inorganic Chemicals.Electrolytes.Ions.Anions.Bromides,D01.248.497.158.125
Inorganic Chemicals.Electrolytes.Ions.Anions.Carbonates,D01.248.497.158.165
Inorganic Chemicals.Electrolytes.Ions.Anions.Carbonates.Bicarbonates,D01.248.497.158.165.100
Inorganic Chemicals.Electrolytes.Ions.Anions.Chlorates,D01.248.497.158.190
Inorganic Chemicals.Electrolytes.Ions.Anions.Chlorides,D01.248.497.158.215
Inorganic Chemicals.Electrolytes.Ions.Anions.Chromates,D01.248.497.158.235
Inorganic Chemicals.Electrolytes.Ions.Anions.Cyanides,D01.248.497.158.291
Inorganic Chemicals.Electrolytes.Ions.Anions.Cyanides.Ferricyanides,D01.248.497.158.291.350
Inorganic Chemicals.Electrolytes.Ions.Anions.Cyanides.Ferricyanides.Nitroprusside,D01.248.497.158.291.350.550
Inorganic Chemicals.Electrolytes.Ions.Anions.Cyanides.Ferrocyanides,D01.248.497.158.291.370
Inorganic Chemicals.Electrolytes.Ions.Anions.Fluorides,D01.248.497.158.380
Inorganic Chemicals.Electrolytes.Ions.Anions.Hydroxides,D01.248.497.158.459
Inorganic Chemicals.Electrolytes.Ions.Anions.Hydroxides.Aluminum Hydroxide,D01.248.497.158.459.075
Inorganic Chemicals.Electrolytes.Ions.Anions.Hydroxides.Ammonium Hydroxide,D01.248.497.158.459.113
Inorganic Chemicals.Electrolytes.Ions.Anions.Hydroxides.Calcium Hydroxide,D01.248.497.158.459.150
Inorganic Chemicals.Electrolytes.Ions.Anions.Hydroxides.Hydroxyl Radical,D01.248.497.158.459.300
Inorganic Chemicals.Electrolytes.Ions.Anions.Hydroxides.Lye,D01.248.497.158.459.344
Inorganic Chemicals.Electrolytes.Ions.Anions.Hydroxides.Magnesium Hydroxide,D01.248.497.158.459.388
Inorganic Chemicals.Electrolytes.Ions.Anions.Hydroxides.Sodium Hydroxide,D01.248.497.158.459.475
Inorganic Chemicals.Electrolytes.Ions.Anions.Hydroxides.Water,D01.248.497.158.459.650
Inorganic Chemicals.Electrolytes.Ions.Anions.Hydroxides.Water.Deuterium Oxide,D01.248.497.158.459.650.200
Inorganic Chemicals.Electrolytes.Ions.Anions.Hydroxides.Water.Drinking Water,D01.248.497.158.459.650.300
Inorganic Chemicals.Electrolytes.Ions.Anions.Hydroxides.Water.Ice,D01.248.497.158.459.650.400
Inorganic Chemicals.Electrolytes.Ions.Anions.Hydroxides.Water.Mineral Waters,D01.248.497.158.459.650.600
Inorganic Chemicals.Electrolytes.Ions.Anions.Hydroxides.Water.Mineral Waters.Carbonated Water,D01.248.497.158.459.650.600.500
Inorganic Chemicals.Electrolytes.Ions.Anions.Hydroxides.Water.Steam,D01.248.497.158.459.650.800
Inorganic Chemicals.Electrolytes.Ions.Anions.Iodates,D01.248.497.158.480
Inorganic Chemicals.Electrolytes.Ions.Anions.Iodides,D01.248.497.158.490
Inorganic Chemicals.Electrolytes.Ions.Anions.Nitrates,D01.248.497.158.606
Inorganic Chemicals.Electrolytes.Ions.Anions.Nitrites,D01.248.497.158.635
Inorganic Chemicals.Electrolytes.Ions.Anions.Oxides,D01.248.497.158.685
Inorganic Chemicals.Electrolytes.Ions.Anions.Oxides.Peroxides,D01.248.497.158.685.750
Inorganic Chemicals.Electrolytes.Ions.Anions.Oxides.Peroxides.Artemisinins,D01.248.497.158.685.750.212
Inorganic Chemicals.Electrolytes.Ions.Anions.Oxides.Peroxides.Hydrogen Peroxide,D01.248.497.158.685.750.424
Inorganic Chemicals.Electrolytes.Ions.Anions.Oxides.Peroxides.Lipid Peroxides,D01.248.497.158.685.750.637
Inorganic Chemicals.Electrolytes.Ions.Anions.Oxides.Peroxides.Prostaglandin Endoperoxides,D01.248.497.158.685.750.744
Inorganic Chemicals.Electrolytes.Ions.Anions.Oxides.Peroxides.Prostaglandin Endoperoxides.Prostaglandins G,D01.248.497.158.685.750.744.600
Inorganic Chemicals.Electrolytes.Ions.Anions.Oxides.Peroxides.Prostaglandin Endoperoxides.Prostaglandins H,D01.248.497.158.685.750.744.650
Inorganic Chemicals.Electrolytes.Ions.Anions.Oxides.Peroxides.Prostaglandin Endoperoxides.Prostaglandins H.Prostaglandin H2,D01.248.497.158.685.750.744.650.500
"Inorganic Chemicals.Electrolytes.Ions.Anions.Oxides.Peroxides.Prostaglandin Endoperoxides.Prostaglandins H.Prostaglandin H2.15-Hydroxy-11 alpha,9 alpha-(epoxymethano)prosta-5,13-dienoic Acid",D01.248.497.158.685.750.744.650.500.500
Inorganic Chemicals.Electrolytes.Ions.Anions.Oxides.Peroxides.Superoxides,D01.248.497.158.685.750.850
Inorganic Chemicals.Electrolytes.Ions.Anions.Oxides.Peroxides.tert-Butylhydroperoxide,D01.248.497.158.685.750.925
Inorganic Chemicals.Electrolytes.Ions.Anions.Oxides.Peroxides.Tetraoxanes,D01.248.497.158.685.750.962
Inorganic Chemicals.Electrolytes.Ions.Anions.Phosphates,D01.248.497.158.730
Inorganic Chemicals.Electrolytes.Ions.Anions.Phosphates.Polyphosphates,D01.248.497.158.730.650
Inorganic Chemicals.Electrolytes.Ions.Anions.Phosphates.Polyphosphates.Diphosphates,D01.248.497.158.730.650.200
Inorganic Chemicals.Electrolytes.Ions.Anions.Phosphites,D01.248.497.158.750
Inorganic Chemicals.Electrolytes.Ions.Anions.Sulfates,D01.248.497.158.845
Inorganic Chemicals.Electrolytes.Ions.Anions.Sulfates.Thiosulfates,D01.248.497.158.845.703
Inorganic Chemicals.Electrolytes.Ions.Anions.Sulfides,D01.248.497.158.874
Inorganic Chemicals.Electrolytes.Ions.Anions.Sulfides.Disulfides,D01.248.497.158.874.390
Inorganic Chemicals.Electrolytes.Ions.Anions.Sulfides.Disulfides.Cystine,D01.248.497.158.874.390.369
Inorganic Chemicals.Electrolytes.Ions.Anions.Sulfites,D01.248.497.158.904
Inorganic Chemicals.Electrolytes.Ions.Anions.Sulfites.Dithionite,D01.248.497.158.904.150
Inorganic Chemicals.Electrolytes.Ions.Anions.Vanadates,D01.248.497.158.952
Inorganic Chemicals.Electrolytes.Ions.Cations,D01.248.497.300
"Inorganic Chemicals.Electrolytes.Ions.Cations.Cations, Divalent",D01.248.497.300.333
"Inorganic Chemicals.Electrolytes.Ions.Cations.Cations, Monovalent",D01.248.497.300.459
"Inorganic Chemicals.Electrolytes.Ions.Cations.Cations, Monovalent.Protons",D01.248.497.300.459.700
Inorganic Chemicals.Elements,D01.268
Inorganic Chemicals.Elements.Carbon,D01.268.150
Inorganic Chemicals.Elements.Carbon.Carbon Isotopes,D01.268.150.075
Inorganic Chemicals.Elements.Carbon.Carbon Isotopes.Carbon Radioisotopes,D01.268.150.075.328
Inorganic Chemicals.Elements.Carbon.Charcoal,D01.268.150.150
Inorganic Chemicals.Elements.Carbon.Diamond,D01.268.150.200
Inorganic Chemicals.Elements.Carbon.Diamond.Nanodiamonds,D01.268.150.200.550
Inorganic Chemicals.Elements.Carbon.Fullerenes,D01.268.150.250
"Inorganic Chemicals.Elements.Carbon.Fullerenes.Nanotubes, Carbon",D01.268.150.250.500
Inorganic Chemicals.Elements.Carbon.Graphite,D01.268.150.300
Inorganic Chemicals.Elements.Chalcogens,D01.268.185
Inorganic Chemicals.Elements.Chalcogens.Oxygen,D01.268.185.550
Inorganic Chemicals.Elements.Chalcogens.Oxygen.Oxygen Isotopes,D01.268.185.550.500
Inorganic Chemicals.Elements.Chalcogens.Oxygen.Oxygen Isotopes.Oxygen Radioisotopes,D01.268.185.550.500.600
Inorganic Chemicals.Elements.Chalcogens.Polonium,D01.268.185.600
Inorganic Chemicals.Elements.Chalcogens.Selenium,D01.268.185.850
Inorganic Chemicals.Elements.Chalcogens.Sulfur,D01.268.185.900
Inorganic Chemicals.Elements.Chalcogens.Sulfur.Sulfur Isotopes,D01.268.185.900.500
Inorganic Chemicals.Elements.Chalcogens.Sulfur.Sulfur Isotopes.Sulfur Radioisotopes,D01.268.185.900.500.690
Inorganic Chemicals.Elements.Chalcogens.Tellurium,D01.268.185.950
"Inorganic Chemicals.Elements.Elements, Radioactive",D01.268.271
"Inorganic Chemicals.Elements.Elements, Radioactive.Actinoid Series Elements",D01.268.271.100
"Inorganic Chemicals.Elements.Elements, Radioactive.Actinoid Series Elements.Actinium",D01.268.271.100.033
"Inorganic Chemicals.Elements.Elements, Radioactive.Actinoid Series Elements.Americium",D01.268.271.100.050
"Inorganic Chemicals.Elements.Elements, Radioactive.Actinoid Series Elements.Berkelium",D01.268.271.100.100
"Inorganic Chemicals.Elements.Elements, Radioactive.Actinoid Series Elements.Californium",D01.268.271.100.150
"Inorganic Chemicals.Elements.Elements, Radioactive.Actinoid Series Elements.Curium",D01.268.271.100.175
"Inorganic Chemicals.Elements.Elements, Radioactive.Actinoid Series Elements.Einsteinium",D01.268.271.100.250
"Inorganic Chemicals.Elements.Elements, Radioactive.Actinoid Series Elements.Fermium",D01.268.271.100.275
"Inorganic Chemicals.Elements.Elements, Radioactive.Actinoid Series Elements.Lawrencium",D01.268.271.100.500
"Inorganic Chemicals.Elements.Elements, Radioactive.Actinoid Series Elements.Mendelevium",D01.268.271.100.525
"Inorganic Chemicals.Elements.Elements, Radioactive.Actinoid Series Elements.Neptunium",D01.268.271.100.550
"Inorganic Chemicals.Elements.Elements, Radioactive.Actinoid Series Elements.Nobelium",D01.268.271.100.575
"Inorganic Chemicals.Elements.Elements, Radioactive.Actinoid Series Elements.Plutonium",D01.268.271.100.700
"Inorganic Chemicals.Elements.Elements, Radioactive.Actinoid Series Elements.Protactinium",D01.268.271.100.725
"Inorganic Chemicals.Elements.Elements, Radioactive.Actinoid Series Elements.Thorium",D01.268.271.100.900
"Inorganic Chemicals.Elements.Elements, Radioactive.Actinoid Series Elements.Uranium",D01.268.271.100.950
"Inorganic Chemicals.Elements.Elements, Radioactive.Astatine",D01.268.271.110
"Inorganic Chemicals.Elements.Elements, Radioactive.Bismuth",D01.268.271.245
"Inorganic Chemicals.Elements.Elements, Radioactive.Francium",D01.268.271.380
"Inorganic Chemicals.Elements.Elements, Radioactive.Polonium",D01.268.271.680
"Inorganic Chemicals.Elements.Elements, Radioactive.Promethium",D01.268.271.720
"Inorganic Chemicals.Elements.Elements, Radioactive.Radium",D01.268.271.770
"Inorganic Chemicals.Elements.Elements, Radioactive.Radon",D01.268.271.800
"Inorganic Chemicals.Elements.Elements, Radioactive.Radon.Radon Daughters",D01.268.271.800.800
"Inorganic Chemicals.Elements.Elements, Radioactive.Technetium",D01.268.271.870
"Inorganic Chemicals.Elements.Elements, Radioactive.Transactinide Series Elements",D01.268.271.935
Inorganic Chemicals.Elements.Halogens,D01.268.380
Inorganic Chemicals.Elements.Halogens.Astatine,D01.268.380.075
Inorganic Chemicals.Elements.Halogens.Bromine,D01.268.380.112
Inorganic Chemicals.Elements.Halogens.Chlorine,D01.268.380.150
Inorganic Chemicals.Elements.Halogens.Fluorine,D01.268.380.300
Inorganic Chemicals.Elements.Halogens.Iodine,D01.268.380.400
Inorganic Chemicals.Elements.Halogens.Iodine.Iodine Isotopes,D01.268.380.400.500
Inorganic Chemicals.Elements.Halogens.Iodine.Iodine Isotopes.Iodine Radioisotopes,D01.268.380.400.500.496
Inorganic Chemicals.Elements.Hydrogen,D01.268.406
Inorganic Chemicals.Elements.Hydrogen.Deuterium,D01.268.406.500
Inorganic Chemicals.Elements.Hydrogen.Deuterium.Deuterium Oxide,D01.268.406.500.250
Inorganic Chemicals.Elements.Hydrogen.Protons,D01.268.406.750
Inorganic Chemicals.Elements.Hydrogen.Tritium,D01.268.406.875
Inorganic Chemicals.Elements.Metalloids,D01.268.513
Inorganic Chemicals.Elements.Metalloids.Antimony,D01.268.513.124
Inorganic Chemicals.Elements.Metalloids.Arsenic,D01.268.513.249
Inorganic Chemicals.Elements.Metalloids.Boron,D01.268.513.500
Inorganic Chemicals.Elements.Metalloids.Germanium,D01.268.513.750
Inorganic Chemicals.Elements.Metalloids.Polonium,D01.268.513.875
Inorganic Chemicals.Elements.Metalloids.Silicon,D01.268.513.937
Inorganic Chemicals.Elements.Metalloids.Tellurium,D01.268.513.968
"Inorganic Chemicals.Elements.Metals, Alkali",D01.268.549
"Inorganic Chemicals.Elements.Metals, Alkali.Cesium",D01.268.549.125
"Inorganic Chemicals.Elements.Metals, Alkali.Cesium.Cesium Isotopes",D01.268.549.125.500
"Inorganic Chemicals.Elements.Metals, Alkali.Cesium.Cesium Isotopes.Cesium Radioisotopes",D01.268.549.125.500.300
"Inorganic Chemicals.Elements.Metals, Alkali.Francium",D01.268.549.250
"Inorganic Chemicals.Elements.Metals, Alkali.Lithium",D01.268.549.450
"Inorganic Chemicals.Elements.Metals, Alkali.Potassium",D01.268.549.550
"Inorganic Chemicals.Elements.Metals, Alkali.Potassium.Potassium Isotopes",D01.268.549.550.500
"Inorganic Chemicals.Elements.Metals, Alkali.Potassium.Potassium Isotopes.Potassium Radioisotopes",D01.268.549.550.500.700
"Inorganic Chemicals.Elements.Metals, Alkali.Rubidium",D01.268.549.650
"Inorganic Chemicals.Elements.Metals, Alkali.Sodium",D01.268.549.750
"Inorganic Chemicals.Elements.Metals, Alkali.Sodium.Sodium Isotopes",D01.268.549.750.500
"Inorganic Chemicals.Elements.Metals, Alkali.Sodium.Sodium Isotopes.Sodium Radioisotopes",D01.268.549.750.500.800
"Inorganic Chemicals.Elements.Metals, Alkaline Earth",D01.268.552
"Inorganic Chemicals.Elements.Metals, Alkaline Earth.Barium",D01.268.552.050
"Inorganic Chemicals.Elements.Metals, Alkaline Earth.Beryllium",D01.268.552.075
"Inorganic Chemicals.Elements.Metals, Alkaline Earth.Calcium",D01.268.552.100
"Inorganic Chemicals.Elements.Metals, Alkaline Earth.Calcium.Calcium Isotopes",D01.268.552.100.500
"Inorganic Chemicals.Elements.Metals, Alkaline Earth.Calcium.Calcium Isotopes.Calcium Radioisotopes",D01.268.552.100.500.325
"Inorganic Chemicals.Elements.Metals, Alkaline Earth.Magnesium",D01.268.552.437
"Inorganic Chemicals.Elements.Metals, Alkaline Earth.Radium",D01.268.552.775
"Inorganic Chemicals.Elements.Metals, Alkaline Earth.Strontium",D01.268.552.850
"Inorganic Chemicals.Elements.Metals, Alkaline Earth.Strontium.Strontium Isotopes",D01.268.552.850.500
"Inorganic Chemicals.Elements.Metals, Alkaline Earth.Strontium.Strontium Isotopes.Strontium Radioisotopes",D01.268.552.850.500.685
"Inorganic Chemicals.Elements.Metals, Heavy",D01.268.556
"Inorganic Chemicals.Elements.Metals, Heavy.Actinium",D01.268.556.025
"Inorganic Chemicals.Elements.Metals, Heavy.Americium",D01.268.556.037
"Inorganic Chemicals.Elements.Metals, Heavy.Antimony",D01.268.556.050
"Inorganic Chemicals.Elements.Metals, Heavy.Barium",D01.268.556.062
"Inorganic Chemicals.Elements.Metals, Heavy.Berkelium",D01.268.556.075
"Inorganic Chemicals.Elements.Metals, Heavy.Bismuth",D01.268.556.100
"Inorganic Chemicals.Elements.Metals, Heavy.Cadmium",D01.268.556.137
"Inorganic Chemicals.Elements.Metals, Heavy.Californium",D01.268.556.156
"Inorganic Chemicals.Elements.Metals, Heavy.Cesium",D01.268.556.165
"Inorganic Chemicals.Elements.Metals, Heavy.Cesium.Cesium Isotopes",D01.268.556.165.500
"Inorganic Chemicals.Elements.Metals, Heavy.Cesium.Cesium Isotopes.Cesium Radioisotopes",D01.268.556.165.500.300
"Inorganic Chemicals.Elements.Metals, Heavy.Chromium",D01.268.556.175
"Inorganic Chemicals.Elements.Metals, Heavy.Chromium.Chromium Isotopes",D01.268.556.175.500
"Inorganic Chemicals.Elements.Metals, Heavy.Chromium.Chromium Isotopes.Chromium Radioisotopes",D01.268.556.175.500.349
"Inorganic Chemicals.Elements.Metals, Heavy.Cobalt",D01.268.556.185
"Inorganic Chemicals.Elements.Metals, Heavy.Cobalt.Cobalt Isotopes",D01.268.556.185.500
"Inorganic Chemicals.Elements.Metals, Heavy.Cobalt.Cobalt Isotopes.Cobalt Radioisotopes",D01.268.556.185.500.354
"Inorganic Chemicals.Elements.Metals, Heavy.Copper",D01.268.556.195
"Inorganic Chemicals.Elements.Metals, Heavy.Curium",D01.268.556.200
"Inorganic Chemicals.Elements.Metals, Heavy.Einsteinium",D01.268.556.244
"Inorganic Chemicals.Elements.Metals, Heavy.Fermium",D01.268.556.266
"Inorganic Chemicals.Elements.Metals, Heavy.Francium",D01.268.556.277
"Inorganic Chemicals.Elements.Metals, Heavy.Gallium",D01.268.556.289
"Inorganic Chemicals.Elements.Metals, Heavy.Gallium.Gallium Isotopes",D01.268.556.289.500
"Inorganic Chemicals.Elements.Metals, Heavy.Gallium.Gallium Isotopes.Gallium Radioisotopes",D01.268.556.289.500.400
"Inorganic Chemicals.Elements.Metals, Heavy.Germanium",D01.268.556.305
"Inorganic Chemicals.Elements.Metals, Heavy.Gold",D01.268.556.322
"Inorganic Chemicals.Elements.Metals, Heavy.Gold.Gold Isotopes",D01.268.556.322.500
"Inorganic Chemicals.Elements.Metals, Heavy.Gold.Gold Isotopes.Gold Radioisotopes",D01.268.556.322.500.550
"Inorganic Chemicals.Elements.Metals, Heavy.Gold.Gold Isotopes.Gold Radioisotopes.Gold Colloid, Radioactive",D01.268.556.322.500.550.400
"Inorganic Chemicals.Elements.Metals, Heavy.Hafnium",D01.268.556.337
"Inorganic Chemicals.Elements.Metals, Heavy.Indium",D01.268.556.381
"Inorganic Chemicals.Elements.Metals, Heavy.Iridium",D01.268.556.401
"Inorganic Chemicals.Elements.Metals, Heavy.Iron",D01.268.556.412
"Inorganic Chemicals.Elements.Metals, Heavy.Iron.Iron Isotopes",D01.268.556.412.500
"Inorganic Chemicals.Elements.Metals, Heavy.Iron.Iron Isotopes.Iron Radioisotopes",D01.268.556.412.500.498
"Inorganic Chemicals.Elements.Metals, Heavy.Lawrencium",D01.268.556.423
"Inorganic Chemicals.Elements.Metals, Heavy.Lead",D01.268.556.435
"Inorganic Chemicals.Elements.Metals, Heavy.Manganese",D01.268.556.484
"Inorganic Chemicals.Elements.Metals, Heavy.Mendelevium",D01.268.556.494
"Inorganic Chemicals.Elements.Metals, Heavy.Mercury",D01.268.556.504
"Inorganic Chemicals.Elements.Metals, Heavy.Mercury.Mercury Isotopes",D01.268.556.504.500
"Inorganic Chemicals.Elements.Metals, Heavy.Mercury.Mercury Isotopes.Mercury Radioisotopes",D01.268.556.504.500.500
"Inorganic Chemicals.Elements.Metals, Heavy.Molybdenum",D01.268.556.555
"Inorganic Chemicals.Elements.Metals, Heavy.Neptunium",D01.268.556.600
"Inorganic Chemicals.Elements.Metals, Heavy.Nickel",D01.268.556.607
"Inorganic Chemicals.Elements.Metals, Heavy.Niobium",D01.268.556.615
"Inorganic Chemicals.Elements.Metals, Heavy.Nobelium",D01.268.556.620
"Inorganic Chemicals.Elements.Metals, Heavy.Osmium",D01.268.556.660
"Inorganic Chemicals.Elements.Metals, Heavy.Palladium",D01.268.556.680
"Inorganic Chemicals.Elements.Metals, Heavy.Platinum",D01.268.556.690
"Inorganic Chemicals.Elements.Metals, Heavy.Plutonium",D01.268.556.700
"Inorganic Chemicals.Elements.Metals, Heavy.Protactinium",D01.268.556.750
"Inorganic Chemicals.Elements.Metals, Heavy.Radium",D01.268.556.775
"Inorganic Chemicals.Elements.Metals, Heavy.Rhenium",D01.268.556.787
"Inorganic Chemicals.Elements.Metals, Heavy.Rhodium",D01.268.556.793
"Inorganic Chemicals.Elements.Metals, Heavy.Rubidium",D01.268.556.800
"Inorganic Chemicals.Elements.Metals, Heavy.Ruthenium",D01.268.556.805
"Inorganic Chemicals.Elements.Metals, Heavy.Silver",D01.268.556.812
"Inorganic Chemicals.Elements.Metals, Heavy.Strontium",D01.268.556.825
"Inorganic Chemicals.Elements.Metals, Heavy.Strontium.Strontium Isotopes",D01.268.556.825.500
"Inorganic Chemicals.Elements.Metals, Heavy.Strontium.Strontium Isotopes.Strontium Radioisotopes",D01.268.556.825.500.685
"Inorganic Chemicals.Elements.Metals, Heavy.Tantalum",D01.268.556.837
"Inorganic Chemicals.Elements.Metals, Heavy.Technetium",D01.268.556.843
"Inorganic Chemicals.Elements.Metals, Heavy.Thallium",D01.268.556.847
"Inorganic Chemicals.Elements.Metals, Heavy.Thorium",D01.268.556.850
"Inorganic Chemicals.Elements.Metals, Heavy.Tin",D01.268.556.875
"Inorganic Chemicals.Elements.Metals, Heavy.Tungsten",D01.268.556.887
"Inorganic Chemicals.Elements.Metals, Heavy.Uranium",D01.268.556.900
"Inorganic Chemicals.Elements.Metals, Heavy.Vanadium",D01.268.556.920
"Inorganic Chemicals.Elements.Metals, Heavy.Zinc",D01.268.556.940
"Inorganic Chemicals.Elements.Metals, Heavy.Zinc.Zinc Isotopes",D01.268.556.940.500
"Inorganic Chemicals.Elements.Metals, Heavy.Zinc.Zinc Isotopes.Zinc Radioisotopes",D01.268.556.940.500.800
"Inorganic Chemicals.Elements.Metals, Heavy.Zirconium",D01.268.556.950
"Inorganic Chemicals.Elements.Metals, Light",D01.268.557
"Inorganic Chemicals.Elements.Metals, Light.Aluminum",D01.268.557.050
"Inorganic Chemicals.Elements.Metals, Light.Beryllium",D01.268.557.080
"Inorganic Chemicals.Elements.Metals, Light.Lithium",D01.268.557.290
"Inorganic Chemicals.Elements.Metals, Light.Magnesium",D01.268.557.500
"Inorganic Chemicals.Elements.Metals, Light.Potassium",D01.268.557.575
"Inorganic Chemicals.Elements.Metals, Light.Potassium.Potassium Isotopes",D01.268.557.575.500
"Inorganic Chemicals.Elements.Metals, Light.Potassium.Potassium Isotopes.Potassium Radioisotopes",D01.268.557.575.500.700
"Inorganic Chemicals.Elements.Metals, Light.Sodium",D01.268.557.650
"Inorganic Chemicals.Elements.Metals, Light.Sodium.Sodium Isotopes",D01.268.557.650.500
"Inorganic Chemicals.Elements.Metals, Light.Sodium.Sodium Isotopes.Sodium Radioisotopes",D01.268.557.650.500.800
"Inorganic Chemicals.Elements.Metals, Light.Titanium",D01.268.557.800
"Inorganic Chemicals.Elements.Metals, Rare Earth",D01.268.558
"Inorganic Chemicals.Elements.Metals, Rare Earth.Lanthanoid Series Elements",D01.268.558.362
"Inorganic Chemicals.Elements.Metals, Rare Earth.Lanthanoid Series Elements.Cerium",D01.268.558.362.249
"Inorganic Chemicals.Elements.Metals, Rare Earth.Lanthanoid Series Elements.Cerium.Cerium Isotopes",D01.268.558.362.249.500
"Inorganic Chemicals.Elements.Metals, Rare Earth.Lanthanoid Series Elements.Cerium.Cerium Isotopes.Cerium Radioisotopes",D01.268.558.362.249.500.300
"Inorganic Chemicals.Elements.Metals, Rare Earth.Lanthanoid Series Elements.Dysprosium",D01.268.558.362.374
"Inorganic Chemicals.Elements.Metals, Rare Earth.Lanthanoid Series Elements.Erbium",D01.268.558.362.437
"Inorganic Chemicals.Elements.Metals, Rare Earth.Lanthanoid Series Elements.Europium",D01.268.558.362.468
"Inorganic Chemicals.Elements.Metals, Rare Earth.Lanthanoid Series Elements.Gadolinium",D01.268.558.362.484
"Inorganic Chemicals.Elements.Metals, Rare Earth.Lanthanoid Series Elements.Holmium",D01.268.558.362.492
"Inorganic Chemicals.Elements.Metals, Rare Earth.Lanthanoid Series Elements.Lanthanum",D01.268.558.362.500
"Inorganic Chemicals.Elements.Metals, Rare Earth.Lanthanoid Series Elements.Lutetium",D01.268.558.362.562
"Inorganic Chemicals.Elements.Metals, Rare Earth.Lanthanoid Series Elements.Neodymium",D01.268.558.362.625
"Inorganic Chemicals.Elements.Metals, Rare Earth.Lanthanoid Series Elements.Praseodymium",D01.268.558.362.750
"Inorganic Chemicals.Elements.Metals, Rare Earth.Lanthanoid Series Elements.Promethium",D01.268.558.362.875
"Inorganic Chemicals.Elements.Metals, Rare Earth.Lanthanoid Series Elements.Samarium",D01.268.558.362.937
"Inorganic Chemicals.Elements.Metals, Rare Earth.Lanthanoid Series Elements.Terbium",D01.268.558.362.968
"Inorganic Chemicals.Elements.Metals, Rare Earth.Lanthanoid Series Elements.Thulium",D01.268.558.362.984
"Inorganic Chemicals.Elements.Metals, Rare Earth.Lanthanoid Series Elements.Ytterbium",D01.268.558.362.992
"Inorganic Chemicals.Elements.Metals, Rare Earth.Scandium",D01.268.558.800
"Inorganic Chemicals.Elements.Metals, Rare Earth.Yttrium",D01.268.558.975
"Inorganic Chemicals.Elements.Metals, Rare Earth.Yttrium.Yttrium Isotopes",D01.268.558.975.500
"Inorganic Chemicals.Elements.Metals, Rare Earth.Yttrium.Yttrium Isotopes.Yttrium Radioisotopes",D01.268.558.975.500.800
Inorganic Chemicals.Elements.Nitrogen,D01.268.604
Inorganic Chemicals.Elements.Nitrogen.Nitrogen Isotopes,D01.268.604.500
Inorganic Chemicals.Elements.Nitrogen.Nitrogen Isotopes.Nitrogen Radioisotopes,D01.268.604.500.520
Inorganic Chemicals.Elements.Noble Gases,D01.268.613
Inorganic Chemicals.Elements.Noble Gases.Argon,D01.268.613.050
Inorganic Chemicals.Elements.Noble Gases.Helium,D01.268.613.350
Inorganic Chemicals.Elements.Noble Gases.Krypton,D01.268.613.425
Inorganic Chemicals.Elements.Noble Gases.Neon,D01.268.613.600
Inorganic Chemicals.Elements.Noble Gases.Radon,D01.268.613.700
Inorganic Chemicals.Elements.Noble Gases.Radon.Radon Daughters,D01.268.613.700.500
Inorganic Chemicals.Elements.Noble Gases.Xenon,D01.268.613.900
Inorganic Chemicals.Elements.Noble Gases.Xenon.Xenon Isotopes,D01.268.613.900.500
Inorganic Chemicals.Elements.Noble Gases.Xenon.Xenon Isotopes.Xenon Radioisotopes,D01.268.613.900.500.700
Inorganic Chemicals.Elements.Phosphorus,D01.268.666
Inorganic Chemicals.Elements.Phosphorus.Phosphorus Isotopes,D01.268.666.500
Inorganic Chemicals.Elements.Phosphorus.Phosphorus Isotopes.Phosphorus Radioisotopes,D01.268.666.500.604
Inorganic Chemicals.Elements.Transition Elements,D01.268.956
Inorganic Chemicals.Elements.Transition Elements.Cadmium,D01.268.956.061
Inorganic Chemicals.Elements.Transition Elements.Chromium,D01.268.956.124
Inorganic Chemicals.Elements.Transition Elements.Chromium.Chromium Isotopes,D01.268.956.124.500
Inorganic Chemicals.Elements.Transition Elements.Chromium.Chromium Isotopes.Chromium Radioisotopes,D01.268.956.124.500.349
Inorganic Chemicals.Elements.Transition Elements.Cobalt,D01.268.956.155
Inorganic Chemicals.Elements.Transition Elements.Cobalt.Cobalt Isotopes,D01.268.956.155.500
Inorganic Chemicals.Elements.Transition Elements.Cobalt.Cobalt Isotopes.Cobalt Radioisotopes,D01.268.956.155.500.354
Inorganic Chemicals.Elements.Transition Elements.Copper,D01.268.956.170
Inorganic Chemicals.Elements.Transition Elements.Gold,D01.268.956.186
Inorganic Chemicals.Elements.Transition Elements.Gold.Gold Isotopes,D01.268.956.186.500
Inorganic Chemicals.Elements.Transition Elements.Gold.Gold Isotopes.Gold Radioisotopes,D01.268.956.186.500.550
"Inorganic Chemicals.Elements.Transition Elements.Gold.Gold Isotopes.Gold Radioisotopes.Gold Colloid, Radioactive",D01.268.956.186.500.550.400
Inorganic Chemicals.Elements.Transition Elements.Hafnium,D01.268.956.249
Inorganic Chemicals.Elements.Transition Elements.Iridium,D01.268.956.280
Inorganic Chemicals.Elements.Transition Elements.Iron,D01.268.956.287
Inorganic Chemicals.Elements.Transition Elements.Iron.Iron Isotopes,D01.268.956.287.500
Inorganic Chemicals.Elements.Transition Elements.Iron.Iron Isotopes.Iron Radioisotopes,D01.268.956.287.500.498
Inorganic Chemicals.Elements.Transition Elements.Lawrencium,D01.268.956.295
Inorganic Chemicals.Elements.Transition Elements.Lutetium,D01.268.956.311
Inorganic Chemicals.Elements.Transition Elements.Manganese,D01.268.956.374
Inorganic Chemicals.Elements.Transition Elements.Mercury,D01.268.956.437
Inorganic Chemicals.Elements.Transition Elements.Mercury.Mercury Isotopes,D01.268.956.437.500
Inorganic Chemicals.Elements.Transition Elements.Mercury.Mercury Isotopes.Mercury Radioisotopes,D01.268.956.437.500.500
Inorganic Chemicals.Elements.Transition Elements.Molybdenum,D01.268.956.500
Inorganic Chemicals.Elements.Transition Elements.Nickel,D01.268.956.625
Inorganic Chemicals.Elements.Transition Elements.Niobium,D01.268.956.687
Inorganic Chemicals.Elements.Transition Elements.Osmium,D01.268.956.702
Inorganic Chemicals.Elements.Transition Elements.Palladium,D01.268.956.718
Inorganic Chemicals.Elements.Transition Elements.Platinum,D01.268.956.734
Inorganic Chemicals.Elements.Transition Elements.Rhenium,D01.268.956.750
Inorganic Chemicals.Elements.Transition Elements.Rhodium,D01.268.956.781
Inorganic Chemicals.Elements.Transition Elements.Ruthenium,D01.268.956.812
Inorganic Chemicals.Elements.Transition Elements.Scandium,D01.268.956.827
Inorganic Chemicals.Elements.Transition Elements.Silver,D01.268.956.843
Inorganic Chemicals.Elements.Transition Elements.Tantalum,D01.268.956.859
Inorganic Chemicals.Elements.Transition Elements.Technetium,D01.268.956.875
Inorganic Chemicals.Elements.Transition Elements.Titanium,D01.268.956.878
Inorganic Chemicals.Elements.Transition Elements.Tungsten,D01.268.956.882
Inorganic Chemicals.Elements.Transition Elements.Vanadium,D01.268.956.886
Inorganic Chemicals.Elements.Transition Elements.Yttrium,D01.268.956.890
Inorganic Chemicals.Elements.Transition Elements.Yttrium.Yttrium Isotopes,D01.268.956.890.500
Inorganic Chemicals.Elements.Transition Elements.Yttrium.Yttrium Isotopes.Yttrium Radioisotopes,D01.268.956.890.500.800
Inorganic Chemicals.Elements.Transition Elements.Zinc,D01.268.956.906
Inorganic Chemicals.Elements.Transition Elements.Zinc.Zinc Isotopes,D01.268.956.906.500
Inorganic Chemicals.Elements.Transition Elements.Zinc.Zinc Isotopes.Zinc Radioisotopes,D01.268.956.906.500.800
Inorganic Chemicals.Elements.Transition Elements.Zirconium,D01.268.956.937
Inorganic Chemicals.Fluorine Compounds,D01.303
Inorganic Chemicals.Fluorine Compounds.Hydrofluoric Acid,D01.303.350
Inorganic Chemicals.Fluorine Compounds.Hydrofluoric Acid.Fluorides,D01.303.350.300
Inorganic Chemicals.Fluorine Compounds.Hydrofluoric Acid.Fluorides.Calcium Fluoride,D01.303.350.300.150
"Inorganic Chemicals.Fluorine Compounds.Hydrofluoric Acid.Fluorides.Fluorides, Topical",D01.303.350.300.512
Inorganic Chemicals.Fluorine Compounds.Hydrofluoric Acid.Fluorides.Sodium Fluoride,D01.303.350.300.875
Inorganic Chemicals.Fluorine Compounds.Hydrofluoric Acid.Fluorides.Sodium Fluoride.Acidulated Phosphate Fluoride,D01.303.350.300.875.050
Inorganic Chemicals.Fluorine Compounds.Hydrofluoric Acid.Fluorides.Sulfur Hexafluoride,D01.303.350.300.900
Inorganic Chemicals.Fluorine Compounds.Hydrofluoric Acid.Fluorides.Tin Fluorides,D01.303.350.300.950
Inorganic Chemicals.Free Radicals,D01.339
Inorganic Chemicals.Free Radicals.Nitric Oxide,D01.339.387
Inorganic Chemicals.Free Radicals.Reactive Oxygen Species,D01.339.431
Inorganic Chemicals.Free Radicals.Reactive Oxygen Species.Hydroxyl Radical,D01.339.431.249
Inorganic Chemicals.Free Radicals.Reactive Oxygen Species.Hypochlorous Acid,D01.339.431.311
Inorganic Chemicals.Free Radicals.Reactive Oxygen Species.Peroxides,D01.339.431.374
Inorganic Chemicals.Free Radicals.Reactive Oxygen Species.Peroxides.Artemisinins,D01.339.431.374.212
Inorganic Chemicals.Free Radicals.Reactive Oxygen Species.Peroxides.Hydrogen Peroxide,D01.339.431.374.424
Inorganic Chemicals.Free Radicals.Reactive Oxygen Species.Peroxides.Lipid Peroxides,D01.339.431.374.637
Inorganic Chemicals.Free Radicals.Reactive Oxygen Species.Peroxides.Prostaglandin Endoperoxides,D01.339.431.374.744
Inorganic Chemicals.Free Radicals.Reactive Oxygen Species.Peroxides.Prostaglandin Endoperoxides.Prostaglandins G,D01.339.431.374.744.600
Inorganic Chemicals.Free Radicals.Reactive Oxygen Species.Peroxides.Prostaglandin Endoperoxides.Prostaglandins H,D01.339.431.374.744.650
Inorganic Chemicals.Free Radicals.Reactive Oxygen Species.Peroxides.Prostaglandin Endoperoxides.Prostaglandins H.Prostaglandin H2,D01.339.431.374.744.650.500
"Inorganic Chemicals.Free Radicals.Reactive Oxygen Species.Peroxides.Prostaglandin Endoperoxides.Prostaglandins H.Prostaglandin H2.15-Hydroxy-11 alpha,9 alpha-(epoxymethano)prosta-5,13-dienoic Acid",D01.339.431.374.744.650.500.500
Inorganic Chemicals.Free Radicals.Reactive Oxygen Species.Peroxides.Superoxides,D01.339.431.374.850
Inorganic Chemicals.Free Radicals.Reactive Oxygen Species.Peroxides.tert-Butylhydroperoxide,D01.339.431.374.925
Inorganic Chemicals.Free Radicals.Reactive Oxygen Species.Peroxides.Tetraoxanes,D01.339.431.374.962
Inorganic Chemicals.Free Radicals.Reactive Oxygen Species.Singlet Oxygen,D01.339.431.500
Inorganic Chemicals.Gases,D01.362
Inorganic Chemicals.Gases.Ammonia,D01.362.075
Inorganic Chemicals.Gases.Carbon Dioxide,D01.362.150
Inorganic Chemicals.Gases.Carbon Monoxide,D01.362.200
Inorganic Chemicals.Gases.Chlorine,D01.362.225
Inorganic Chemicals.Gases.Gasotransmitters,D01.362.282
Inorganic Chemicals.Gases.Greenhouse Gases,D01.362.311
Inorganic Chemicals.Gases.Hydrogen,D01.362.340
Inorganic Chemicals.Gases.Hydrogen.Deuterium,D01.362.340.500
Inorganic Chemicals.Gases.Hydrogen.Deuterium.Deuterium Oxide,D01.362.340.500.250
Inorganic Chemicals.Gases.Hydrogen.Protons,D01.362.340.750
Inorganic Chemicals.Gases.Hydrogen.Tritium,D01.362.340.875
Inorganic Chemicals.Gases.Hydrogen Sulfide,D01.362.350
Inorganic Chemicals.Gases.Nitrogen,D01.362.625
Inorganic Chemicals.Gases.Nitrogen.Nitrogen Isotopes,D01.362.625.500
Inorganic Chemicals.Gases.Nitrogen.Nitrogen Isotopes.Nitrogen Radioisotopes,D01.362.625.500.520
Inorganic Chemicals.Gases.Nitrogen Oxides,D01.362.635
Inorganic Chemicals.Gases.Nitrogen Oxides.Nitrogen Dioxide,D01.362.635.600
Inorganic Chemicals.Gases.Nitrogen Oxides.Nitrous Oxide,D01.362.635.625
Inorganic Chemicals.Gases.Noble Gases,D01.362.641
Inorganic Chemicals.Gases.Noble Gases.Argon,D01.362.641.113
Inorganic Chemicals.Gases.Noble Gases.Helium,D01.362.641.352
Inorganic Chemicals.Gases.Noble Gases.Krypton,D01.362.641.468
Inorganic Chemicals.Gases.Noble Gases.Neon,D01.362.641.592
Inorganic Chemicals.Gases.Noble Gases.Radon,D01.362.641.745
Inorganic Chemicals.Gases.Noble Gases.Radon.Radon Daughters,D01.362.641.745.800
Inorganic Chemicals.Gases.Noble Gases.Xenon,D01.362.641.918
Inorganic Chemicals.Gases.Noble Gases.Xenon.Xenon Isotopes,D01.362.641.918.500
Inorganic Chemicals.Gases.Noble Gases.Xenon.Xenon Isotopes.Xenon Radioisotopes,D01.362.641.918.500.700
Inorganic Chemicals.Gases.Oxygen,D01.362.670
Inorganic Chemicals.Gases.Oxygen.Oxygen Isotopes,D01.362.670.300
Inorganic Chemicals.Gases.Oxygen.Oxygen Isotopes.Oxygen Radioisotopes,D01.362.670.300.600
Inorganic Chemicals.Gases.Oxygen.Ozone,D01.362.670.600
Inorganic Chemicals.Gases.Oxygen.Ozone.Stratospheric Ozone,D01.362.670.600.500
Inorganic Chemicals.Gases.Plasma Gases,D01.362.740
Inorganic Chemicals.Gases.Sulfur Dioxide,D01.362.810
Inorganic Chemicals.Gases.Sulfur Hexafluoride,D01.362.820
Inorganic Chemicals.Gold Compounds,D01.379
Inorganic Chemicals.Gold Compounds.Gold Alloys,D01.379.375
Inorganic Chemicals.Gold Compounds.Gold Colloid,D01.379.400
"Inorganic Chemicals.Gold Compounds.Gold Colloid.Gold Colloid, Radioactive",D01.379.400.350
Inorganic Chemicals.Gold Compounds.Gold Sodium Thiosulfate,D01.379.425
Inorganic Chemicals.Iodine Compounds,D01.475
Inorganic Chemicals.Iodine Compounds.Iodates,D01.475.400
Inorganic Chemicals.Iodine Compounds.Iodides,D01.475.410
Inorganic Chemicals.Iodine Compounds.Iodides.Potassium Iodide,D01.475.410.700
Inorganic Chemicals.Iodine Compounds.Iodides.Sodium Iodide,D01.475.410.800
Inorganic Chemicals.Iodine Compounds.Iodophors,D01.475.557
Inorganic Chemicals.Iodine Compounds.Iodophors.Povidone-Iodine,D01.475.557.500
Inorganic Chemicals.Iodine Compounds.Periodic Acid,D01.475.705
Inorganic Chemicals.Iron Compounds,D01.490
Inorganic Chemicals.Iron Compounds.Ferric Compounds,D01.490.100
Inorganic Chemicals.Iron Compounds.Ferric Compounds.Ferricyanides,D01.490.100.300
Inorganic Chemicals.Iron Compounds.Ferric Compounds.Ferricyanides.Nitroprusside,D01.490.100.300.550
Inorganic Chemicals.Iron Compounds.Ferric Compounds.Ferrosoferric Oxide,D01.490.100.375
Inorganic Chemicals.Iron Compounds.Ferric Compounds.Ferrosoferric Oxide.Magnetite Nanoparticles,D01.490.100.375.500
Inorganic Chemicals.Iron Compounds.Ferrous Compounds,D01.490.200
Inorganic Chemicals.Iron Compounds.Ferrous Compounds.Ferrocyanides,D01.490.200.250
Inorganic Chemicals.Iron Compounds.Ferrous Compounds.Ferrosoferric Oxide,D01.490.200.350
Inorganic Chemicals.Iron Compounds.Ferrous Compounds.Ferrosoferric Oxide.Magnetite Nanoparticles,D01.490.200.350.500
Inorganic Chemicals.Iron Compounds.Iron Carbonyl Compounds,D01.490.500
"Inorganic Chemicals.Iron Compounds.Iron, Dietary",D01.490.600
Inorganic Chemicals.Iron Compounds.Steel,D01.490.800
Inorganic Chemicals.Iron Compounds.Steel.Stainless Steel,D01.490.800.900
Inorganic Chemicals.Isotopes,D01.496
Inorganic Chemicals.Isotopes.Calcium Isotopes,D01.496.098
Inorganic Chemicals.Isotopes.Calcium Isotopes.Calcium Radioisotopes,D01.496.098.325
Inorganic Chemicals.Isotopes.Carbon Isotopes,D01.496.123
Inorganic Chemicals.Isotopes.Carbon Isotopes.Carbon Radioisotopes,D01.496.123.328
Inorganic Chemicals.Isotopes.Cerium Isotopes,D01.496.156
Inorganic Chemicals.Isotopes.Cerium Isotopes.Cerium Radioisotopes,D01.496.156.300
Inorganic Chemicals.Isotopes.Cesium Isotopes,D01.496.180
Inorganic Chemicals.Isotopes.Cesium Isotopes.Cesium Radioisotopes,D01.496.180.300
Inorganic Chemicals.Isotopes.Chromium Isotopes,D01.496.212
Inorganic Chemicals.Isotopes.Chromium Isotopes.Chromium Radioisotopes,D01.496.212.349
Inorganic Chemicals.Isotopes.Cobalt Isotopes,D01.496.239
Inorganic Chemicals.Isotopes.Cobalt Isotopes.Cobalt Radioisotopes,D01.496.239.354
Inorganic Chemicals.Isotopes.Deuterium,D01.496.289
Inorganic Chemicals.Isotopes.Gallium Isotopes,D01.496.360
Inorganic Chemicals.Isotopes.Gallium Isotopes.Gallium Radioisotopes,D01.496.360.400
Inorganic Chemicals.Isotopes.Gold Isotopes,D01.496.381
Inorganic Chemicals.Isotopes.Gold Isotopes.Gold Radioisotopes,D01.496.381.550
"Inorganic Chemicals.Isotopes.Gold Isotopes.Gold Radioisotopes.Gold Colloid, Radioactive",D01.496.381.550.400
Inorganic Chemicals.Isotopes.Iodine Isotopes,D01.496.448
Inorganic Chemicals.Isotopes.Iodine Isotopes.Iodine Radioisotopes,D01.496.448.496
Inorganic Chemicals.Isotopes.Iron Isotopes,D01.496.473
Inorganic Chemicals.Isotopes.Iron Isotopes.Iron Radioisotopes,D01.496.473.498
Inorganic Chemicals.Isotopes.Mercury Isotopes,D01.496.532
Inorganic Chemicals.Isotopes.Mercury Isotopes.Mercury Radioisotopes,D01.496.532.500
Inorganic Chemicals.Isotopes.Nitrogen Isotopes,D01.496.586
Inorganic Chemicals.Isotopes.Nitrogen Isotopes.Nitrogen Radioisotopes,D01.496.586.520
Inorganic Chemicals.Isotopes.Oxygen Isotopes,D01.496.625
Inorganic Chemicals.Isotopes.Oxygen Isotopes.Oxygen Radioisotopes,D01.496.625.600
Inorganic Chemicals.Isotopes.Phosphorus Isotopes,D01.496.669
Inorganic Chemicals.Isotopes.Phosphorus Isotopes.Phosphorus Radioisotopes,D01.496.669.604
Inorganic Chemicals.Isotopes.Potassium Isotopes,D01.496.705
Inorganic Chemicals.Isotopes.Potassium Isotopes.Potassium Radioisotopes,D01.496.705.700
Inorganic Chemicals.Isotopes.Radioisotopes,D01.496.749
Inorganic Chemicals.Isotopes.Radioisotopes.Barium Radioisotopes,D01.496.749.075
Inorganic Chemicals.Isotopes.Radioisotopes.Bromine Radioisotopes,D01.496.749.090
Inorganic Chemicals.Isotopes.Radioisotopes.Cadmium Radioisotopes,D01.496.749.108
Inorganic Chemicals.Isotopes.Radioisotopes.Calcium Radioisotopes,D01.496.749.113
Inorganic Chemicals.Isotopes.Radioisotopes.Carbon Radioisotopes,D01.496.749.154
Inorganic Chemicals.Isotopes.Radioisotopes.Cerium Radioisotopes,D01.496.749.185
Inorganic Chemicals.Isotopes.Radioisotopes.Cesium Radioisotopes,D01.496.749.190
Inorganic Chemicals.Isotopes.Radioisotopes.Chromium Radioisotopes,D01.496.749.213
Inorganic Chemicals.Isotopes.Radioisotopes.Cobalt Radioisotopes,D01.496.749.256
Inorganic Chemicals.Isotopes.Radioisotopes.Copper Radioisotopes,D01.496.749.270
"Inorganic Chemicals.Isotopes.Radioisotopes.Elements, Radioactive",D01.496.749.305
"Inorganic Chemicals.Isotopes.Radioisotopes.Elements, Radioactive.Actinoid Series Elements",D01.496.749.305.100
"Inorganic Chemicals.Isotopes.Radioisotopes.Elements, Radioactive.Actinoid Series Elements.Actinium",D01.496.749.305.100.033
"Inorganic Chemicals.Isotopes.Radioisotopes.Elements, Radioactive.Actinoid Series Elements.Americium",D01.496.749.305.100.050
"Inorganic Chemicals.Isotopes.Radioisotopes.Elements, Radioactive.Actinoid Series Elements.Berkelium",D01.496.749.305.100.100
"Inorganic Chemicals.Isotopes.Radioisotopes.Elements, Radioactive.Actinoid Series Elements.Californium",D01.496.749.305.100.150
"Inorganic Chemicals.Isotopes.Radioisotopes.Elements, Radioactive.Actinoid Series Elements.Curium",D01.496.749.305.100.175
"Inorganic Chemicals.Isotopes.Radioisotopes.Elements, Radioactive.Actinoid Series Elements.Einsteinium",D01.496.749.305.100.250
"Inorganic Chemicals.Isotopes.Radioisotopes.Elements, Radioactive.Actinoid Series Elements.Fermium",D01.496.749.305.100.275
"Inorganic Chemicals.Isotopes.Radioisotopes.Elements, Radioactive.Actinoid Series Elements.Lawrencium",D01.496.749.305.100.500
"Inorganic Chemicals.Isotopes.Radioisotopes.Elements, Radioactive.Actinoid Series Elements.Mendelevium",D01.496.749.305.100.525
"Inorganic Chemicals.Isotopes.Radioisotopes.Elements, Radioactive.Actinoid Series Elements.Neptunium",D01.496.749.305.100.550
"Inorganic Chemicals.Isotopes.Radioisotopes.Elements, Radioactive.Actinoid Series Elements.Nobelium",D01.496.749.305.100.575
"Inorganic Chemicals.Isotopes.Radioisotopes.Elements, Radioactive.Actinoid Series Elements.Plutonium",D01.496.749.305.100.700
"Inorganic Chemicals.Isotopes.Radioisotopes.Elements, Radioactive.Actinoid Series Elements.Protactinium",D01.496.749.305.100.725
"Inorganic Chemicals.Isotopes.Radioisotopes.Elements, Radioactive.Actinoid Series Elements.Thorium",D01.496.749.305.100.900
"Inorganic Chemicals.Isotopes.Radioisotopes.Elements, Radioactive.Actinoid Series Elements.Uranium",D01.496.749.305.100.950
"Inorganic Chemicals.Isotopes.Radioisotopes.Elements, Radioactive.Astatine",D01.496.749.305.110
"Inorganic Chemicals.Isotopes.Radioisotopes.Elements, Radioactive.Bismuth",D01.496.749.305.245
"Inorganic Chemicals.Isotopes.Radioisotopes.Elements, Radioactive.Francium",D01.496.749.305.380
"Inorganic Chemicals.Isotopes.Radioisotopes.Elements, Radioactive.Polonium",D01.496.749.305.680
"Inorganic Chemicals.Isotopes.Radioisotopes.Elements, Radioactive.Promethium",D01.496.749.305.720
"Inorganic Chemicals.Isotopes.Radioisotopes.Elements, Radioactive.Radium",D01.496.749.305.770
"Inorganic Chemicals.Isotopes.Radioisotopes.Elements, Radioactive.Radon",D01.496.749.305.800
"Inorganic Chemicals.Isotopes.Radioisotopes.Elements, Radioactive.Radon.Radon Daughters",D01.496.749.305.800.500
"Inorganic Chemicals.Isotopes.Radioisotopes.Elements, Radioactive.Technetium",D01.496.749.305.870
"Inorganic Chemicals.Isotopes.Radioisotopes.Elements, Radioactive.Transactinide Series Elements",D01.496.749.305.935
Inorganic Chemicals.Isotopes.Radioisotopes.Fluorine Radioisotopes,D01.496.749.340
Inorganic Chemicals.Isotopes.Radioisotopes.Gallium Radioisotopes,D01.496.749.360
Inorganic Chemicals.Isotopes.Radioisotopes.Gold Radioisotopes,D01.496.749.410
"Inorganic Chemicals.Isotopes.Radioisotopes.Gold Radioisotopes.Gold Colloid, Radioactive",D01.496.749.410.400
Inorganic Chemicals.Isotopes.Radioisotopes.Indium Radioisotopes,D01.496.749.460
Inorganic Chemicals.Isotopes.Radioisotopes.Iodine Radioisotopes,D01.496.749.474
Inorganic Chemicals.Isotopes.Radioisotopes.Iridium Radioisotopes,D01.496.749.500
Inorganic Chemicals.Isotopes.Radioisotopes.Iron Radioisotopes,D01.496.749.514
Inorganic Chemicals.Isotopes.Radioisotopes.Krypton Radioisotopes,D01.496.749.540
Inorganic Chemicals.Isotopes.Radioisotopes.Lead Radioisotopes,D01.496.749.560
Inorganic Chemicals.Isotopes.Radioisotopes.Mercury Radioisotopes,D01.496.749.590
Inorganic Chemicals.Isotopes.Radioisotopes.Nitrogen Radioisotopes,D01.496.749.615
Inorganic Chemicals.Isotopes.Radioisotopes.Oxygen Radioisotopes,D01.496.749.635
Inorganic Chemicals.Isotopes.Radioisotopes.Phosphorus Radioisotopes,D01.496.749.658
Inorganic Chemicals.Isotopes.Radioisotopes.Potassium Radioisotopes,D01.496.749.690
Inorganic Chemicals.Isotopes.Radioisotopes.Radioactive Tracers,D01.496.749.731
Inorganic Chemicals.Isotopes.Radioisotopes.Rubidium Radioisotopes,D01.496.749.740
Inorganic Chemicals.Isotopes.Radioisotopes.Ruthenium Radioisotopes,D01.496.749.745
Inorganic Chemicals.Isotopes.Radioisotopes.Selenium Radioisotopes,D01.496.749.780
Inorganic Chemicals.Isotopes.Radioisotopes.Sodium Radioisotopes,D01.496.749.795
Inorganic Chemicals.Isotopes.Radioisotopes.Strontium Radioisotopes,D01.496.749.815
Inorganic Chemicals.Isotopes.Radioisotopes.Sulfur Radioisotopes,D01.496.749.858
Inorganic Chemicals.Isotopes.Radioisotopes.Thallium Radioisotopes,D01.496.749.900
Inorganic Chemicals.Isotopes.Radioisotopes.Tin Radioisotopes,D01.496.749.910
Inorganic Chemicals.Isotopes.Radioisotopes.Tritium,D01.496.749.925
Inorganic Chemicals.Isotopes.Radioisotopes.Xenon Radioisotopes,D01.496.749.945
Inorganic Chemicals.Isotopes.Radioisotopes.Yttrium Radioisotopes,D01.496.749.960
Inorganic Chemicals.Isotopes.Radioisotopes.Zinc Radioisotopes,D01.496.749.980
Inorganic Chemicals.Isotopes.Sodium Isotopes,D01.496.807
Inorganic Chemicals.Isotopes.Sodium Isotopes.Sodium Radioisotopes,D01.496.807.800
Inorganic Chemicals.Isotopes.Strontium Isotopes,D01.496.840
Inorganic Chemicals.Isotopes.Strontium Isotopes.Strontium Radioisotopes,D01.496.840.685
Inorganic Chemicals.Isotopes.Sulfur Isotopes,D01.496.868
Inorganic Chemicals.Isotopes.Sulfur Isotopes.Sulfur Radioisotopes,D01.496.868.690
Inorganic Chemicals.Isotopes.Xenon Isotopes,D01.496.920
Inorganic Chemicals.Isotopes.Xenon Isotopes.Xenon Radioisotopes,D01.496.920.700
Inorganic Chemicals.Isotopes.Yttrium Isotopes,D01.496.943
Inorganic Chemicals.Isotopes.Yttrium Isotopes.Yttrium Radioisotopes,D01.496.943.800
Inorganic Chemicals.Isotopes.Zinc Isotopes,D01.496.966
Inorganic Chemicals.Isotopes.Zinc Isotopes.Zinc Radioisotopes,D01.496.966.800
Inorganic Chemicals.Lithium Compounds,D01.510
Inorganic Chemicals.Lithium Compounds.Lithium Carbonate,D01.510.475
Inorganic Chemicals.Lithium Compounds.Lithium Chloride,D01.510.500
Inorganic Chemicals.Magnesium Compounds,D01.524
Inorganic Chemicals.Magnesium Compounds.Magnesium Chloride,D01.524.475
Inorganic Chemicals.Magnesium Compounds.Magnesium Hydroxide,D01.524.485
Inorganic Chemicals.Magnesium Compounds.Magnesium Oxide,D01.524.490
Inorganic Chemicals.Magnesium Compounds.Magnesium Silicates,D01.524.500
"Inorganic Chemicals.Magnesium Compounds.Magnesium Silicates.Asbestos, Amosite",D01.524.500.040
"Inorganic Chemicals.Magnesium Compounds.Magnesium Silicates.Asbestos, Serpentine",D01.524.500.050
Inorganic Chemicals.Magnesium Compounds.Magnesium Silicates.Talc,D01.524.500.850
Inorganic Chemicals.Magnesium Compounds.Magnesium Sulfate,D01.524.550
Inorganic Chemicals.Magnesium Compounds.Struvite,D01.524.775
Inorganic Chemicals.Manganese Compounds,D01.530
Inorganic Chemicals.Manganese Compounds.Potassium Permanganate,D01.530.700
Inorganic Chemicals.Mercury Compounds,D01.538
Inorganic Chemicals.Mercury Compounds.Mercuric Chloride,D01.538.500
Inorganic Chemicals.Metals,D01.552
Inorganic Chemicals.Metals.Actinoid Series Elements,D01.552.020
Inorganic Chemicals.Metals.Actinoid Series Elements.Actinium,D01.552.020.042
Inorganic Chemicals.Metals.Actinoid Series Elements.Americium,D01.552.020.086
Inorganic Chemicals.Metals.Actinoid Series Elements.Berkelium,D01.552.020.150
Inorganic Chemicals.Metals.Actinoid Series Elements.Californium,D01.552.020.200
Inorganic Chemicals.Metals.Actinoid Series Elements.Curium,D01.552.020.272
Inorganic Chemicals.Metals.Actinoid Series Elements.Einsteinium,D01.552.020.337
Inorganic Chemicals.Metals.Actinoid Series Elements.Fermium,D01.552.020.394
Inorganic Chemicals.Metals.Actinoid Series Elements.Lawrencium,D01.552.020.507
Inorganic Chemicals.Metals.Actinoid Series Elements.Mendelevium,D01.552.020.561
Inorganic Chemicals.Metals.Actinoid Series Elements.Neptunium,D01.552.020.621
Inorganic Chemicals.Metals.Actinoid Series Elements.Nobelium,D01.552.020.659
Inorganic Chemicals.Metals.Actinoid Series Elements.Plutonium,D01.552.020.734
Inorganic Chemicals.Metals.Actinoid Series Elements.Protactinium,D01.552.020.778
Inorganic Chemicals.Metals.Actinoid Series Elements.Thorium,D01.552.020.889
Inorganic Chemicals.Metals.Actinoid Series Elements.Uranium,D01.552.020.940
Inorganic Chemicals.Metals.Alloys,D01.552.033
Inorganic Chemicals.Metals.Alloys.Chromium Alloys,D01.552.033.182
Inorganic Chemicals.Metals.Alloys.Chromium Alloys.Vitallium,D01.552.033.182.900
Inorganic Chemicals.Metals.Alloys.Gold Alloys,D01.552.033.533
Inorganic Chemicals.Metals.Alloys.Metal Ceramic Alloys,D01.552.033.690
Inorganic Chemicals.Metals.Alloys.Metal Ceramic Alloys.Cermet Cements,D01.552.033.690.250
Inorganic Chemicals.Metals.Alloys.Steel,D01.552.033.847
Inorganic Chemicals.Metals.Alloys.Steel.Stainless Steel,D01.552.033.847.681
"Inorganic Chemicals.Metals.Metals, Alkali",D01.552.528
"Inorganic Chemicals.Metals.Metals, Alkali.Cesium",D01.552.528.160
"Inorganic Chemicals.Metals.Metals, Alkali.Cesium.Cesium Isotopes",D01.552.528.160.500
"Inorganic Chemicals.Metals.Metals, Alkali.Cesium.Cesium Isotopes.Cesium Radioisotopes",D01.552.528.160.500.300
"Inorganic Chemicals.Metals.Metals, Alkali.Francium",D01.552.528.328
"Inorganic Chemicals.Metals.Metals, Alkali.Lithium",D01.552.528.480
"Inorganic Chemicals.Metals.Metals, Alkali.Potassium",D01.552.528.652
"Inorganic Chemicals.Metals.Metals, Alkali.Potassium.Potassium Isotopes",D01.552.528.652.500
"Inorganic Chemicals.Metals.Metals, Alkali.Potassium.Potassium Isotopes.Potassium Radioisotopes",D01.552.528.652.500.700
"Inorganic Chemicals.Metals.Metals, Alkali.Rubidium",D01.552.528.759
"Inorganic Chemicals.Metals.Metals, Alkali.Sodium",D01.552.528.850
"Inorganic Chemicals.Metals.Metals, Alkali.Sodium.Sodium Isotopes",D01.552.528.850.500
"Inorganic Chemicals.Metals.Metals, Alkali.Sodium.Sodium Isotopes.Sodium Radioisotopes",D01.552.528.850.500.800
"Inorganic Chemicals.Metals.Metals, Alkaline Earth",D01.552.539
"Inorganic Chemicals.Metals.Metals, Alkaline Earth.Barium",D01.552.539.124
"Inorganic Chemicals.Metals.Metals, Alkaline Earth.Calcium",D01.552.539.288
"Inorganic Chemicals.Metals.Metals, Alkaline Earth.Calcium.Calcium Isotopes",D01.552.539.288.500
"Inorganic Chemicals.Metals.Metals, Alkaline Earth.Calcium.Calcium Isotopes.Calcium Radioisotopes",D01.552.539.288.500.325
"Inorganic Chemicals.Metals.Metals, Alkaline Earth.Radium",D01.552.539.745
"Inorganic Chemicals.Metals.Metals, Alkaline Earth.Strontium",D01.552.539.861
"Inorganic Chemicals.Metals.Metals, Alkaline Earth.Strontium.Strontium Isotopes",D01.552.539.861.500
"Inorganic Chemicals.Metals.Metals, Alkaline Earth.Strontium.Strontium Isotopes.Strontium Radioisotopes",D01.552.539.861.500.685
"Inorganic Chemicals.Metals.Metals, Heavy",D01.552.544
"Inorganic Chemicals.Metals.Metals, Heavy.Actinium",D01.552.544.025
"Inorganic Chemicals.Metals.Metals, Heavy.Americium",D01.552.544.037
"Inorganic Chemicals.Metals.Metals, Heavy.Antimony",D01.552.544.050
"Inorganic Chemicals.Metals.Metals, Heavy.Barium",D01.552.544.062
"Inorganic Chemicals.Metals.Metals, Heavy.Berkelium",D01.552.544.075
"Inorganic Chemicals.Metals.Metals, Heavy.Bismuth",D01.552.544.100
"Inorganic Chemicals.Metals.Metals, Heavy.Cadmium",D01.552.544.137
"Inorganic Chemicals.Metals.Metals, Heavy.Californium",D01.552.544.156
"Inorganic Chemicals.Metals.Metals, Heavy.Cesium",D01.552.544.165
"Inorganic Chemicals.Metals.Metals, Heavy.Cesium.Cesium Isotopes",D01.552.544.165.500
"Inorganic Chemicals.Metals.Metals, Heavy.Cesium.Cesium Isotopes.Cesium Radioisotopes",D01.552.544.165.500.300
"Inorganic Chemicals.Metals.Metals, Heavy.Chromium",D01.552.544.175
"Inorganic Chemicals.Metals.Metals, Heavy.Chromium.Chromium Isotopes",D01.552.544.175.500
"Inorganic Chemicals.Metals.Metals, Heavy.Chromium.Chromium Isotopes.Chromium Radioisotopes",D01.552.544.175.500.349
"Inorganic Chemicals.Metals.Metals, Heavy.Cobalt",D01.552.544.185
"Inorganic Chemicals.Metals.Metals, Heavy.Cobalt.Cobalt Isotopes",D01.552.544.185.500
"Inorganic Chemicals.Metals.Metals, Heavy.Cobalt.Cobalt Isotopes.Cobalt Radioisotopes",D01.552.544.185.500.354
"Inorganic Chemicals.Metals.Metals, Heavy.Copper",D01.552.544.195
"Inorganic Chemicals.Metals.Metals, Heavy.Curium",D01.552.544.200
"Inorganic Chemicals.Metals.Metals, Heavy.Einsteinium",D01.552.544.244
"Inorganic Chemicals.Metals.Metals, Heavy.Fermium",D01.552.544.266
"Inorganic Chemicals.Metals.Metals, Heavy.Francium",D01.552.544.277
"Inorganic Chemicals.Metals.Metals, Heavy.Gallium",D01.552.544.289
"Inorganic Chemicals.Metals.Metals, Heavy.Gallium.Gallium Isotopes",D01.552.544.289.500
"Inorganic Chemicals.Metals.Metals, Heavy.Gallium.Gallium Isotopes.Gallium Radioisotopes",D01.552.544.289.500.400
"Inorganic Chemicals.Metals.Metals, Heavy.Germanium",D01.552.544.305
"Inorganic Chemicals.Metals.Metals, Heavy.Gold",D01.552.544.322
"Inorganic Chemicals.Metals.Metals, Heavy.Gold.Gold Isotopes",D01.552.544.322.500
"Inorganic Chemicals.Metals.Metals, Heavy.Gold.Gold Isotopes.Gold Radioisotopes",D01.552.544.322.500.550
"Inorganic Chemicals.Metals.Metals, Heavy.Gold.Gold Isotopes.Gold Radioisotopes.Gold Colloid, Radioactive",D01.552.544.322.500.550.400
"Inorganic Chemicals.Metals.Metals, Heavy.Hafnium",D01.552.544.337
"Inorganic Chemicals.Metals.Metals, Heavy.Indium",D01.552.544.381
"Inorganic Chemicals.Metals.Metals, Heavy.Iridium",D01.552.544.401
"Inorganic Chemicals.Metals.Metals, Heavy.Iron",D01.552.544.412
"Inorganic Chemicals.Metals.Metals, Heavy.Iron.Iron Isotopes",D01.552.544.412.500
"Inorganic Chemicals.Metals.Metals, Heavy.Iron.Iron Isotopes.Iron Radioisotopes",D01.552.544.412.500.498
"Inorganic Chemicals.Metals.Metals, Heavy.Lawrencium",D01.552.544.423
"Inorganic Chemicals.Metals.Metals, Heavy.Lead",D01.552.544.435
"Inorganic Chemicals.Metals.Metals, Heavy.Manganese",D01.552.544.484
"Inorganic Chemicals.Metals.Metals, Heavy.Mendelevium",D01.552.544.494
"Inorganic Chemicals.Metals.Metals, Heavy.Mercury",D01.552.544.504
"Inorganic Chemicals.Metals.Metals, Heavy.Mercury.Mercury Isotopes",D01.552.544.504.500
"Inorganic Chemicals.Metals.Metals, Heavy.Mercury.Mercury Isotopes.Mercury Radioisotopes",D01.552.544.504.500.500
"Inorganic Chemicals.Metals.Metals, Heavy.Molybdenum",D01.552.544.555
"Inorganic Chemicals.Metals.Metals, Heavy.Neptunium",D01.552.544.600
"Inorganic Chemicals.Metals.Metals, Heavy.Nickel",D01.552.544.607
"Inorganic Chemicals.Metals.Metals, Heavy.Niobium",D01.552.544.615
"Inorganic Chemicals.Metals.Metals, Heavy.Nobelium",D01.552.544.620
"Inorganic Chemicals.Metals.Metals, Heavy.Osmium",D01.552.544.660
"Inorganic Chemicals.Metals.Metals, Heavy.Palladium",D01.552.544.680
"Inorganic Chemicals.Metals.Metals, Heavy.Platinum",D01.552.544.690
"Inorganic Chemicals.Metals.Metals, Heavy.Plutonium",D01.552.544.700
"Inorganic Chemicals.Metals.Metals, Heavy.Protactinium",D01.552.544.750
"Inorganic Chemicals.Metals.Metals, Heavy.Radium",D01.552.544.775
"Inorganic Chemicals.Metals.Metals, Heavy.Rhenium",D01.552.544.787
"Inorganic Chemicals.Metals.Metals, Heavy.Rhodium",D01.552.544.793
"Inorganic Chemicals.Metals.Metals, Heavy.Rubidium",D01.552.544.800
"Inorganic Chemicals.Metals.Metals, Heavy.Ruthenium",D01.552.544.805
"Inorganic Chemicals.Metals.Metals, Heavy.Silver",D01.552.544.812
"Inorganic Chemicals.Metals.Metals, Heavy.Strontium",D01.552.544.825
"Inorganic Chemicals.Metals.Metals, Heavy.Strontium.Strontium Isotopes",D01.552.544.825.500
"Inorganic Chemicals.Metals.Metals, Heavy.Strontium.Strontium Isotopes.Strontium Radioisotopes",D01.552.544.825.500.685
"Inorganic Chemicals.Metals.Metals, Heavy.Tantalum",D01.552.544.837
"Inorganic Chemicals.Metals.Metals, Heavy.Technetium",D01.552.544.843
"Inorganic Chemicals.Metals.Metals, Heavy.Thallium",D01.552.544.847
"Inorganic Chemicals.Metals.Metals, Heavy.Thorium",D01.552.544.850
"Inorganic Chemicals.Metals.Metals, Heavy.Tin",D01.552.544.875
"Inorganic Chemicals.Metals.Metals, Heavy.Tungsten",D01.552.544.887
"Inorganic Chemicals.Metals.Metals, Heavy.Uranium",D01.552.544.900
"Inorganic Chemicals.Metals.Metals, Heavy.Vanadium",D01.552.544.920
"Inorganic Chemicals.Metals.Metals, Heavy.Zinc",D01.552.544.940
"Inorganic Chemicals.Metals.Metals, Heavy.Zinc.Zinc Isotopes",D01.552.544.940.500
"Inorganic Chemicals.Metals.Metals, Heavy.Zinc.Zinc Isotopes.Zinc Radioisotopes",D01.552.544.940.500.800
"Inorganic Chemicals.Metals.Metals, Heavy.Zirconium",D01.552.544.950
"Inorganic Chemicals.Metals.Metals, Light",D01.552.547
"Inorganic Chemicals.Metals.Metals, Light.Aluminum",D01.552.547.050
"Inorganic Chemicals.Metals.Metals, Light.Beryllium",D01.552.547.080
"Inorganic Chemicals.Metals.Metals, Light.Lithium",D01.552.547.290
"Inorganic Chemicals.Metals.Metals, Light.Magnesium",D01.552.547.500
"Inorganic Chemicals.Metals.Metals, Light.Potassium",D01.552.547.650
"Inorganic Chemicals.Metals.Metals, Light.Potassium.Potassium Isotopes",D01.552.547.650.500
"Inorganic Chemicals.Metals.Metals, Light.Potassium.Potassium Isotopes.Potassium Radioisotopes",D01.552.547.650.500.700
"Inorganic Chemicals.Metals.Metals, Light.Sodium",D01.552.547.725
"Inorganic Chemicals.Metals.Metals, Light.Sodium.Sodium Isotopes",D01.552.547.725.500
"Inorganic Chemicals.Metals.Metals, Light.Sodium.Sodium Isotopes.Sodium Radioisotopes",D01.552.547.725.500.800
"Inorganic Chemicals.Metals.Metals, Light.Titanium",D01.552.547.800
"Inorganic Chemicals.Metals.Metals, Rare Earth",D01.552.550
"Inorganic Chemicals.Metals.Metals, Rare Earth.Lanthanoid Series Elements",D01.552.550.399
"Inorganic Chemicals.Metals.Metals, Rare Earth.Lanthanoid Series Elements.Cerium",D01.552.550.399.249
"Inorganic Chemicals.Metals.Metals, Rare Earth.Lanthanoid Series Elements.Cerium.Cerium Isotopes",D01.552.550.399.249.500
"Inorganic Chemicals.Metals.Metals, Rare Earth.Lanthanoid Series Elements.Cerium.Cerium Isotopes.Cerium Radioisotopes",D01.552.550.399.249.500.300
"Inorganic Chemicals.Metals.Metals, Rare Earth.Lanthanoid Series Elements.Dysprosium",D01.552.550.399.374
"Inorganic Chemicals.Metals.Metals, Rare Earth.Lanthanoid Series Elements.Erbium",D01.552.550.399.437
"Inorganic Chemicals.Metals.Metals, Rare Earth.Lanthanoid Series Elements.Europium",D01.552.550.399.468
"Inorganic Chemicals.Metals.Metals, Rare Earth.Lanthanoid Series Elements.Gadolinium",D01.552.550.399.484
"Inorganic Chemicals.Metals.Metals, Rare Earth.Lanthanoid Series Elements.Holmium",D01.552.550.399.492
"Inorganic Chemicals.Metals.Metals, Rare Earth.Lanthanoid Series Elements.Lanthanum",D01.552.550.399.500
"Inorganic Chemicals.Metals.Metals, Rare Earth.Lanthanoid Series Elements.Lutetium",D01.552.550.399.562
"Inorganic Chemicals.Metals.Metals, Rare Earth.Lanthanoid Series Elements.Neodymium",D01.552.550.399.625
"Inorganic Chemicals.Metals.Metals, Rare Earth.Lanthanoid Series Elements.Praseodymium",D01.552.550.399.750
"Inorganic Chemicals.Metals.Metals, Rare Earth.Lanthanoid Series Elements.Promethium",D01.552.550.399.875
"Inorganic Chemicals.Metals.Metals, Rare Earth.Lanthanoid Series Elements.Samarium",D01.552.550.399.937
"Inorganic Chemicals.Metals.Metals, Rare Earth.Lanthanoid Series Elements.Terbium",D01.552.550.399.968
"Inorganic Chemicals.Metals.Metals, Rare Earth.Lanthanoid Series Elements.Thulium",D01.552.550.399.984
"Inorganic Chemicals.Metals.Metals, Rare Earth.Lanthanoid Series Elements.Ytterbium",D01.552.550.399.992
"Inorganic Chemicals.Metals.Metals, Rare Earth.Scandium",D01.552.550.800
"Inorganic Chemicals.Metals.Metals, Rare Earth.Yttrium",D01.552.550.975
"Inorganic Chemicals.Metals.Metals, Rare Earth.Yttrium.Yttrium Isotopes",D01.552.550.975.500
"Inorganic Chemicals.Metals.Metals, Rare Earth.Yttrium.Yttrium Isotopes.Yttrium Radioisotopes",D01.552.550.975.500.800
Inorganic Chemicals.Minerals,D01.578
Inorganic Chemicals.Minerals.Apatites,D01.578.122
Inorganic Chemicals.Minerals.Apatites.Hydroxyapatites,D01.578.122.477
Inorganic Chemicals.Minerals.Apatites.Hydroxyapatites.Durapatite,D01.578.122.477.300
Inorganic Chemicals.Minerals.Calcium Carbonate,D01.578.200
Inorganic Chemicals.Minerals.Calcium Carbonate.Nacre,D01.578.200.500
Inorganic Chemicals.Minerals.Calcium Sulfate,D01.578.215
Inorganic Chemicals.Minerals.Ferrosoferric Oxide,D01.578.285
Inorganic Chemicals.Minerals.Ferrosoferric Oxide.Magnetite Nanoparticles,D01.578.285.500
Inorganic Chemicals.Minerals.Graphite,D01.578.300
Inorganic Chemicals.Minerals.Mineral Fibers,D01.578.500
Inorganic Chemicals.Minerals.Selenium,D01.578.700
Inorganic Chemicals.Minerals.Silicates,D01.578.725
Inorganic Chemicals.Minerals.Silicates.Aluminum Silicates,D01.578.725.025
Inorganic Chemicals.Minerals.Silicates.Aluminum Silicates.Bentonite,D01.578.725.025.100
Inorganic Chemicals.Minerals.Silicates.Aluminum Silicates.Kaolin,D01.578.725.025.350
Inorganic Chemicals.Minerals.Silicates.Aluminum Silicates.Zeolites,D01.578.725.025.975
Inorganic Chemicals.Minerals.Silicates.Asbestos,D01.578.725.050
"Inorganic Chemicals.Minerals.Silicates.Asbestos.Asbestos, Amphibole",D01.578.725.050.050
"Inorganic Chemicals.Minerals.Silicates.Asbestos.Asbestos, Amphibole.Asbestos, Amosite",D01.578.725.050.050.050
"Inorganic Chemicals.Minerals.Silicates.Asbestos.Asbestos, Amphibole.Asbestos, Crocidolite",D01.578.725.050.050.100
"Inorganic Chemicals.Minerals.Silicates.Asbestos.Asbestos, Serpentine",D01.578.725.050.075
Inorganic Chemicals.Minerals.Silicates.Magnesium Silicates,D01.578.725.500
"Inorganic Chemicals.Minerals.Silicates.Magnesium Silicates.Asbestos, Amosite",D01.578.725.500.040
"Inorganic Chemicals.Minerals.Silicates.Magnesium Silicates.Asbestos, Serpentine",D01.578.725.500.050
Inorganic Chemicals.Minerals.Silicates.Magnesium Silicates.Talc,D01.578.725.500.800
Inorganic Chemicals.Minerals.Silicon Dioxide,D01.578.750
Inorganic Chemicals.Minerals.Silicon Dioxide.Diatomaceous Earth,D01.578.750.300
Inorganic Chemicals.Minerals.Silicon Dioxide.Quartz,D01.578.750.600
Inorganic Chemicals.Nitrogen Compounds,D01.625
Inorganic Chemicals.Nitrogen Compounds.Ammonia,D01.625.050
Inorganic Chemicals.Nitrogen Compounds.Ammonium Compounds,D01.625.062
Inorganic Chemicals.Nitrogen Compounds.Ammonium Compounds.Ammonium Chloride,D01.625.062.249
Inorganic Chemicals.Nitrogen Compounds.Ammonium Compounds.Ammonium Hydroxide,D01.625.062.311
Inorganic Chemicals.Nitrogen Compounds.Ammonium Compounds.Ammonium Sulfate,D01.625.062.374
Inorganic Chemicals.Nitrogen Compounds.Ammonium Compounds.Hydroxylamine,D01.625.062.437
Inorganic Chemicals.Nitrogen Compounds.Ammonium Compounds.Quaternary Ammonium Compounds,D01.625.062.500
Inorganic Chemicals.Nitrogen Compounds.Azides,D01.625.100
Inorganic Chemicals.Nitrogen Compounds.Azides.Sodium Azide,D01.625.100.750
Inorganic Chemicals.Nitrogen Compounds.Cisplatin,D01.625.125
Inorganic Chemicals.Nitrogen Compounds.Cyanogen Bromide,D01.625.175
Inorganic Chemicals.Nitrogen Compounds.Hydrogen Cyanide,D01.625.400
Inorganic Chemicals.Nitrogen Compounds.Hydrogen Cyanide.Cyanides,D01.625.400.100
Inorganic Chemicals.Nitrogen Compounds.Hydrogen Cyanide.Cyanides.Cyanamide,D01.625.400.100.150
Inorganic Chemicals.Nitrogen Compounds.Hydrogen Cyanide.Cyanides.Ferricyanides,D01.625.400.100.325
Inorganic Chemicals.Nitrogen Compounds.Hydrogen Cyanide.Cyanides.Ferricyanides.Nitroprusside,D01.625.400.100.325.550
Inorganic Chemicals.Nitrogen Compounds.Hydrogen Cyanide.Cyanides.Ferrocyanides,D01.625.400.100.350
Inorganic Chemicals.Nitrogen Compounds.Hydrogen Cyanide.Cyanides.Potassium Cyanide,D01.625.400.100.750
Inorganic Chemicals.Nitrogen Compounds.Hydrogen Cyanide.Cyanides.Sodium Cyanide,D01.625.400.100.875
Inorganic Chemicals.Nitrogen Compounds.Nitric Acid,D01.625.525
Inorganic Chemicals.Nitrogen Compounds.Nitric Acid.Nitrates,D01.625.525.550
Inorganic Chemicals.Nitrogen Compounds.Nitric Acid.Nitrates.Silver Nitrate,D01.625.525.550.850
Inorganic Chemicals.Nitrogen Compounds.Nitric Acid.Nitrates.Uranyl Nitrate,D01.625.525.550.950
Inorganic Chemicals.Nitrogen Compounds.Nitrogen Oxides,D01.625.550
Inorganic Chemicals.Nitrogen Compounds.Nitrogen Oxides.Nitric Oxide,D01.625.550.500
Inorganic Chemicals.Nitrogen Compounds.Nitrogen Oxides.Nitrogen Dioxide,D01.625.550.525
Inorganic Chemicals.Nitrogen Compounds.Nitrogen Oxides.Nitrous Oxide,D01.625.550.550
Inorganic Chemicals.Nitrogen Compounds.Nitrous Acid,D01.625.600
Inorganic Chemicals.Nitrogen Compounds.Nitrous Acid.Nitrites,D01.625.600.600
Inorganic Chemicals.Nitrogen Compounds.Nitrous Acid.Nitrites.Sodium Nitrite,D01.625.600.600.800
Inorganic Chemicals.Nitrogen Compounds.Nitrous Acid.Peroxynitrous Acid,D01.625.600.800
Inorganic Chemicals.Nitrogen Compounds.Reactive Nitrogen Species,D01.625.700
Inorganic Chemicals.Nitrogen Compounds.Reactive Nitrogen Species.Nitric Oxide,D01.625.700.500
Inorganic Chemicals.Nitrogen Compounds.Reactive Nitrogen Species.Peroxynitrous Acid,D01.625.700.750
Inorganic Chemicals.Nitrogen Compounds.Ruthenium Red,D01.625.800
Inorganic Chemicals.Osmium Compounds,D01.640
Inorganic Chemicals.Osmium Compounds.Osmium Tetroxide,D01.640.500
Inorganic Chemicals.Oxygen Compounds,D01.650
Inorganic Chemicals.Oxygen Compounds.Oxides,D01.650.550
Inorganic Chemicals.Oxygen Compounds.Oxides.Aluminum Oxide,D01.650.550.050
Inorganic Chemicals.Oxygen Compounds.Oxides.Aluminum Oxide.Aluminum Silicates,D01.650.550.050.075
Inorganic Chemicals.Oxygen Compounds.Oxides.Aluminum Oxide.Aluminum Silicates.Bentonite,D01.650.550.050.075.100
Inorganic Chemicals.Oxygen Compounds.Oxides.Aluminum Oxide.Aluminum Silicates.Kaolin,D01.650.550.050.075.350
Inorganic Chemicals.Oxygen Compounds.Oxides.Aluminum Oxide.Aluminum Silicates.Zeolites,D01.650.550.050.075.975
Inorganic Chemicals.Oxygen Compounds.Oxides.Carbon Dioxide,D01.650.550.200
Inorganic Chemicals.Oxygen Compounds.Oxides.Carbon Dioxide.Dry Ice,D01.650.550.200.250
Inorganic Chemicals.Oxygen Compounds.Oxides.Carbon Monoxide,D01.650.550.250
Inorganic Chemicals.Oxygen Compounds.Oxides.Hypochlorous Acid,D01.650.550.400
Inorganic Chemicals.Oxygen Compounds.Oxides.Hypochlorous Acid.Sodium Hypochlorite,D01.650.550.400.800
Inorganic Chemicals.Oxygen Compounds.Oxides.Magnesium Oxide,D01.650.550.575
Inorganic Chemicals.Oxygen Compounds.Oxides.Nitrogen Oxides,D01.650.550.587
Inorganic Chemicals.Oxygen Compounds.Oxides.Nitrogen Oxides.Nitric Oxide,D01.650.550.587.600
Inorganic Chemicals.Oxygen Compounds.Oxides.Nitrogen Oxides.Nitrogen Dioxide,D01.650.550.587.625
Inorganic Chemicals.Oxygen Compounds.Oxides.Nitrogen Oxides.Nitrous Oxide,D01.650.550.587.650
Inorganic Chemicals.Oxygen Compounds.Oxides.Osmium Tetroxide,D01.650.550.600
Inorganic Chemicals.Oxygen Compounds.Oxides.Peroxides,D01.650.550.750
Inorganic Chemicals.Oxygen Compounds.Oxides.Peroxides.Artemisinins,D01.650.550.750.200
Inorganic Chemicals.Oxygen Compounds.Oxides.Peroxides.Hydrogen Peroxide,D01.650.550.750.400
Inorganic Chemicals.Oxygen Compounds.Oxides.Peroxides.Lipid Peroxides,D01.650.550.750.600
Inorganic Chemicals.Oxygen Compounds.Oxides.Peroxides.Prostaglandin Endoperoxides,D01.650.550.750.700
Inorganic Chemicals.Oxygen Compounds.Oxides.Peroxides.Prostaglandin Endoperoxides.Prostaglandins G,D01.650.550.750.700.600
Inorganic Chemicals.Oxygen Compounds.Oxides.Peroxides.Prostaglandin Endoperoxides.Prostaglandins H,D01.650.550.750.700.650
Inorganic Chemicals.Oxygen Compounds.Oxides.Peroxides.Prostaglandin Endoperoxides.Prostaglandins H.Prostaglandin H2,D01.650.550.750.700.650.500
"Inorganic Chemicals.Oxygen Compounds.Oxides.Peroxides.Prostaglandin Endoperoxides.Prostaglandins H.Prostaglandin H2.15-Hydroxy-11 alpha,9 alpha-(epoxymethano)prosta-5,13-dienoic Acid",D01.650.550.750.700.650.500.500
Inorganic Chemicals.Oxygen Compounds.Oxides.Peroxides.Superoxides,D01.650.550.750.800
Inorganic Chemicals.Oxygen Compounds.Oxides.Peroxides.tert-Butylhydroperoxide,D01.650.550.750.900
Inorganic Chemicals.Oxygen Compounds.Oxides.Peroxides.Tetraoxanes,D01.650.550.750.950
Inorganic Chemicals.Oxygen Compounds.Oxides.Silicon Dioxide,D01.650.550.825
Inorganic Chemicals.Oxygen Compounds.Oxides.Silicon Dioxide.Diatomaceous Earth,D01.650.550.825.400
Inorganic Chemicals.Oxygen Compounds.Oxides.Silicon Dioxide.Quartz,D01.650.550.825.600
Inorganic Chemicals.Oxygen Compounds.Oxides.Sulfur Oxides,D01.650.550.850
Inorganic Chemicals.Oxygen Compounds.Oxides.Sulfur Oxides.Sulfur Dioxide,D01.650.550.850.925
Inorganic Chemicals.Oxygen Compounds.Oxides.Thorium Dioxide,D01.650.550.875
Inorganic Chemicals.Oxygen Compounds.Oxides.Water,D01.650.550.925
Inorganic Chemicals.Oxygen Compounds.Oxides.Water.Drinking Water,D01.650.550.925.199
Inorganic Chemicals.Oxygen Compounds.Oxides.Water.Ice,D01.650.550.925.400
Inorganic Chemicals.Oxygen Compounds.Oxides.Water.Mineral Waters,D01.650.550.925.600
Inorganic Chemicals.Oxygen Compounds.Oxides.Water.Mineral Waters.Carbonated Water,D01.650.550.925.600.500
Inorganic Chemicals.Oxygen Compounds.Oxides.Water.Steam,D01.650.550.925.800
Inorganic Chemicals.Oxygen Compounds.Oxides.Zinc Oxide,D01.650.550.975
Inorganic Chemicals.Oxygen Compounds.Reactive Oxygen Species,D01.650.775
Inorganic Chemicals.Phosphorus Compounds,D01.695
Inorganic Chemicals.Phosphorus Compounds.Phosphines,D01.695.525
Inorganic Chemicals.Phosphorus Compounds.Phosphoranes,D01.695.550
Inorganic Chemicals.Phosphorus Compounds.Phosphorus Acids,D01.695.625
Inorganic Chemicals.Phosphorus Compounds.Phosphorus Acids.Phosphinic Acids,D01.695.625.600
Inorganic Chemicals.Phosphorus Compounds.Phosphorus Acids.Phosphoric Acids,D01.695.625.675
Inorganic Chemicals.Phosphorus Compounds.Phosphorus Acids.Phosphoric Acids.Phosphates,D01.695.625.675.650
Inorganic Chemicals.Phosphorus Compounds.Phosphorus Acids.Phosphoric Acids.Phosphates.Acidulated Phosphate Fluoride,D01.695.625.675.650.025
Inorganic Chemicals.Phosphorus Compounds.Phosphorus Acids.Phosphoric Acids.Phosphates.Calcium Phosphates,D01.695.625.675.650.075
Inorganic Chemicals.Phosphorus Compounds.Phosphorus Acids.Phosphoric Acids.Phosphates.Calcium Phosphates.Apatites,D01.695.625.675.650.075.025
Inorganic Chemicals.Phosphorus Compounds.Phosphorus Acids.Phosphoric Acids.Phosphates.Calcium Phosphates.Apatites.Hydroxyapatites,D01.695.625.675.650.075.025.300
Inorganic Chemicals.Phosphorus Compounds.Phosphorus Acids.Phosphoric Acids.Phosphates.Calcium Phosphates.Apatites.Hydroxyapatites.Durapatite,D01.695.625.675.650.075.025.300.150
Inorganic Chemicals.Phosphorus Compounds.Phosphorus Acids.Phosphoric Acids.Phosphates.Calcium Phosphates.Calcium Pyrophosphate,D01.695.625.675.650.075.150
Inorganic Chemicals.Phosphorus Compounds.Phosphorus Acids.Phosphoric Acids.Phosphates.Phosphoramides,D01.695.625.675.650.425
Inorganic Chemicals.Phosphorus Compounds.Phosphorus Acids.Phosphoric Acids.Phosphates.Polyphosphates,D01.695.625.675.650.775
Inorganic Chemicals.Phosphorus Compounds.Phosphorus Acids.Phosphoric Acids.Phosphates.Polyphosphates.Diphosphates,D01.695.625.675.650.775.150
Inorganic Chemicals.Phosphorus Compounds.Phosphorus Acids.Phosphoric Acids.Phosphates.Polyphosphates.Diphosphates.Calcium Pyrophosphate,D01.695.625.675.650.775.150.150
Inorganic Chemicals.Phosphorus Compounds.Phosphorus Acids.Phosphoric Acids.Phosphates.Polyphosphates.Diphosphates.Technetium Tc 99m Pyrophosphate,D01.695.625.675.650.775.150.900
Inorganic Chemicals.Phosphorus Compounds.Phosphorus Acids.Phosphoric Acids.Phosphates.Polyphosphates.Tin Polyphosphates,D01.695.625.675.650.775.950
Inorganic Chemicals.Phosphorus Compounds.Phosphorus Acids.Phosphoric Acids.Phosphates.Struvite,D01.695.625.675.650.887
Inorganic Chemicals.Phosphorus Compounds.Phosphorus Acids.Phosphoric Acids.Phosphotungstic Acid,D01.695.625.675.750
Inorganic Chemicals.Phosphorus Compounds.Phosphorus Acids.Phosphorous Acids,D01.695.625.700
Inorganic Chemicals.Phosphorus Compounds.Phosphorus Acids.Phosphorous Acids.Phosphites,D01.695.625.700.675
"Inorganic Chemicals.Phosphorus Compounds.Phosphorus, Dietary",D01.695.635
Inorganic Chemicals.Platinum Compounds,D01.710
Inorganic Chemicals.Platinum Compounds.Cisplatin,D01.710.100
Inorganic Chemicals.Potassium Compounds,D01.745
Inorganic Chemicals.Potassium Compounds.Potassium Acetate,D01.745.312
Inorganic Chemicals.Potassium Compounds.Potassium Chloride,D01.745.625
Inorganic Chemicals.Potassium Compounds.Potassium Cyanide,D01.745.635
Inorganic Chemicals.Potassium Compounds.Potassium Dichromate,D01.745.650
"Inorganic Chemicals.Potassium Compounds.Potassium, Dietary",D01.745.660
Inorganic Chemicals.Potassium Compounds.Potassium Iodide,D01.745.680
Inorganic Chemicals.Potassium Compounds.Potassium Permanganate,D01.745.750
Inorganic Chemicals.Ruthenium Compounds,D01.765
Inorganic Chemicals.Ruthenium Compounds.Ruthenium Red,D01.765.765
Inorganic Chemicals.Salts,D01.786
Inorganic Chemicals.Selenium Compounds,D01.810
Inorganic Chemicals.Selenium Compounds.Selenic Acid,D01.810.449
Inorganic Chemicals.Selenium Compounds.Selenious Acid,D01.810.900
Inorganic Chemicals.Selenium Compounds.Selenious Acid.Sodium Selenite,D01.810.900.500
Inorganic Chemicals.Selenium Compounds.Selenium Oxides,D01.810.950
Inorganic Chemicals.Silicon Compounds,D01.837
Inorganic Chemicals.Silicon Compounds.Silanes,D01.837.700
Inorganic Chemicals.Silicon Compounds.Silicon Dioxide,D01.837.725
Inorganic Chemicals.Silicon Compounds.Silicon Dioxide.Diatomaceous Earth,D01.837.725.400
Inorganic Chemicals.Silicon Compounds.Silicon Dioxide.Quartz,D01.837.725.600
Inorganic Chemicals.Silicon Compounds.Silicon Dioxide.Silicic Acid,D01.837.725.700
Inorganic Chemicals.Silicon Compounds.Silicon Dioxide.Silicic Acid.Silica Gel,D01.837.725.700.379
Inorganic Chemicals.Silicon Compounds.Silicon Dioxide.Silicic Acid.Silicates,D01.837.725.700.760
Inorganic Chemicals.Silicon Compounds.Silicon Dioxide.Silicic Acid.Silicates.Aluminum Silicates,D01.837.725.700.760.050
Inorganic Chemicals.Silicon Compounds.Silicon Dioxide.Silicic Acid.Silicates.Aluminum Silicates.Bentonite,D01.837.725.700.760.050.100
Inorganic Chemicals.Silicon Compounds.Silicon Dioxide.Silicic Acid.Silicates.Aluminum Silicates.Kaolin,D01.837.725.700.760.050.400
Inorganic Chemicals.Silicon Compounds.Silicon Dioxide.Silicic Acid.Silicates.Aluminum Silicates.Zeolites,D01.837.725.700.760.050.950
Inorganic Chemicals.Silicon Compounds.Silicon Dioxide.Silicic Acid.Silicates.Asbestos,D01.837.725.700.760.070
"Inorganic Chemicals.Silicon Compounds.Silicon Dioxide.Silicic Acid.Silicates.Asbestos.Asbestos, Amphibole",D01.837.725.700.760.070.050
"Inorganic Chemicals.Silicon Compounds.Silicon Dioxide.Silicic Acid.Silicates.Asbestos.Asbestos, Amphibole.Asbestos, Amosite",D01.837.725.700.760.070.050.060
"Inorganic Chemicals.Silicon Compounds.Silicon Dioxide.Silicic Acid.Silicates.Asbestos.Asbestos, Amphibole.Asbestos, Crocidolite",D01.837.725.700.760.070.050.090
"Inorganic Chemicals.Silicon Compounds.Silicon Dioxide.Silicic Acid.Silicates.Asbestos.Asbestos, Serpentine",D01.837.725.700.760.070.110
Inorganic Chemicals.Silicon Compounds.Silicon Dioxide.Silicic Acid.Silicates.Magnesium Silicates,D01.837.725.700.760.535
"Inorganic Chemicals.Silicon Compounds.Silicon Dioxide.Silicic Acid.Silicates.Magnesium Silicates.Asbestos, Amosite",D01.837.725.700.760.535.040
"Inorganic Chemicals.Silicon Compounds.Silicon Dioxide.Silicic Acid.Silicates.Magnesium Silicates.Asbestos, Serpentine",D01.837.725.700.760.535.400
Inorganic Chemicals.Silicon Compounds.Silicon Dioxide.Silicic Acid.Silicates.Magnesium Silicates.Talc,D01.837.725.700.760.535.800
Inorganic Chemicals.Silicon Compounds.Siloxanes,D01.837.800
Inorganic Chemicals.Silver Compounds,D01.847
Inorganic Chemicals.Silver Compounds.Silver Nitrate,D01.847.900
Inorganic Chemicals.Sodium Compounds,D01.857
Inorganic Chemicals.Sodium Compounds.Gold Sodium Thiosulfate,D01.857.300
Inorganic Chemicals.Sodium Compounds.Sodium Azide,D01.857.462
Inorganic Chemicals.Sodium Compounds.Sodium Bicarbonate,D01.857.625
Inorganic Chemicals.Sodium Compounds.Sodium Chloride,D01.857.650
"Inorganic Chemicals.Sodium Compounds.Sodium Chloride.Sodium Chloride, Dietary",D01.857.650.705
Inorganic Chemicals.Sodium Compounds.Sodium Cyanide,D01.857.660
"Inorganic Chemicals.Sodium Compounds.Sodium, Dietary",D01.857.700
"Inorganic Chemicals.Sodium Compounds.Sodium, Dietary.Sodium Chloride, Dietary",D01.857.700.705
Inorganic Chemicals.Sodium Compounds.Sodium Fluoride,D01.857.725
Inorganic Chemicals.Sodium Compounds.Sodium Fluoride.Acidulated Phosphate Fluoride,D01.857.725.050
Inorganic Chemicals.Sodium Compounds.Sodium Hydroxide,D01.857.745
Inorganic Chemicals.Sodium Compounds.Sodium Hypochlorite,D01.857.750
Inorganic Chemicals.Sodium Compounds.Sodium Iodide,D01.857.760
Inorganic Chemicals.Sodium Compounds.Sodium Nitrite,D01.857.775
Inorganic Chemicals.Sodium Compounds.Sodium Selenite,D01.857.850
Inorganic Chemicals.Sulfur Compounds,D01.875
Inorganic Chemicals.Sulfur Compounds.Hydrogen Sulfide,D01.875.350
Inorganic Chemicals.Sulfur Compounds.Hydrogen Sulfide.Sulfides,D01.875.350.850
Inorganic Chemicals.Sulfur Compounds.Hydrogen Sulfide.Sulfides.Carbon Disulfide,D01.875.350.850.074
Inorganic Chemicals.Sulfur Compounds.Hydrogen Sulfide.Sulfides.Disulfides,D01.875.350.850.150
Inorganic Chemicals.Sulfur Compounds.Hydrogen Sulfide.Sulfides.Disulfides.Cystine,D01.875.350.850.150.369
Inorganic Chemicals.Sulfur Compounds.Sulfites,D01.875.750
Inorganic Chemicals.Sulfur Compounds.Sulfites.Dithionite,D01.875.750.200
Inorganic Chemicals.Sulfur Compounds.Sulfur Acids,D01.875.800
Inorganic Chemicals.Sulfur Compounds.Sulfur Acids.Sulfinic Acids,D01.875.800.700
Inorganic Chemicals.Sulfur Compounds.Sulfur Acids.Sulfonic Acids,D01.875.800.740
Inorganic Chemicals.Sulfur Compounds.Sulfur Acids.Sulfonic Acids.Thiosulfonic Acids,D01.875.800.740.900
Inorganic Chemicals.Sulfur Compounds.Sulfur Acids.Sulfuric Acids,D01.875.800.800
Inorganic Chemicals.Sulfur Compounds.Sulfur Acids.Sulfuric Acids.Sulfates,D01.875.800.800.850
Inorganic Chemicals.Sulfur Compounds.Sulfur Acids.Sulfuric Acids.Sulfates.Alum Compounds,D01.875.800.800.850.025
Inorganic Chemicals.Sulfur Compounds.Sulfur Acids.Sulfuric Acids.Sulfates.Ammonium Sulfate,D01.875.800.800.850.050
Inorganic Chemicals.Sulfur Compounds.Sulfur Acids.Sulfuric Acids.Sulfates.Barium Sulfate,D01.875.800.800.850.075
Inorganic Chemicals.Sulfur Compounds.Sulfur Acids.Sulfuric Acids.Sulfates.Calcium Sulfate,D01.875.800.800.850.125
Inorganic Chemicals.Sulfur Compounds.Sulfur Acids.Sulfuric Acids.Sulfates.Copper Sulfate,D01.875.800.800.850.150
Inorganic Chemicals.Sulfur Compounds.Sulfur Acids.Sulfuric Acids.Sulfates.Magnesium Sulfate,D01.875.800.800.850.500
Inorganic Chemicals.Sulfur Compounds.Sulfur Acids.Sulfuric Acids.Sulfates.Thiosulfates,D01.875.800.800.850.900
Inorganic Chemicals.Sulfur Compounds.Sulfur Acids.Sulfuric Acids.Sulfates.Thiosulfates.Gold Sodium Thiosulfate,D01.875.800.800.850.900.250
Inorganic Chemicals.Sulfur Compounds.Sulfur Acids.Sulfuric Acids.Sulfates.Zinc Sulfate,D01.875.800.800.850.950
Inorganic Chemicals.Sulfur Compounds.Sulfur Acids.Sulfuric Acids.Tetrathionic Acid,D01.875.800.800.900
Inorganic Chemicals.Sulfur Compounds.Sulfur Hexafluoride,D01.875.812
Inorganic Chemicals.Sulfur Compounds.Sulfur Oxides,D01.875.825
Inorganic Chemicals.Sulfur Compounds.Sulfur Oxides.Sulfur Dioxide,D01.875.825.925
Inorganic Chemicals.Sulfur Compounds.Technetium Tc 99m Sulfur Colloid,D01.875.900
Inorganic Chemicals.Technetium Compounds,D01.925
Inorganic Chemicals.Technetium Compounds.Sodium Pertechnetate Tc 99m,D01.925.800
Inorganic Chemicals.Technetium Compounds.Technetium Tc 99m Pyrophosphate,D01.925.925
Inorganic Chemicals.Technetium Compounds.Technetium Tc 99m Sulfur Colloid,D01.925.950
Inorganic Chemicals.Thiones,D01.928
Inorganic Chemicals.Thorium Compounds,D01.930
Inorganic Chemicals.Thorium Compounds.Thorium Dioxide,D01.930.930
Inorganic Chemicals.Tin Compounds,D01.935
Inorganic Chemicals.Tin Compounds.Tin Fluorides,D01.935.925
Inorganic Chemicals.Tin Compounds.Tin Polyphosphates,D01.935.950
Inorganic Chemicals.Tungsten Compounds,D01.940
Inorganic Chemicals.Tungsten Compounds.Phosphotungstic Acid,D01.940.700
Inorganic Chemicals.Uranium Compounds,D01.950
Inorganic Chemicals.Uranium Compounds.Uranyl Nitrate,D01.950.950
Inorganic Chemicals.Vanadium Compounds,D01.960
Inorganic Chemicals.Vanadium Compounds.Vanadates,D01.960.960
Inorganic Chemicals.Zinc Compounds,D01.975
Inorganic Chemicals.Zinc Compounds.Zinc Oxide,D01.975.975
Inorganic Chemicals.Zinc Compounds.Zinc Sulfate,D01.975.987
